-- MySQL dump 10.13  Distrib 8.0.42, for Win64 (x86_64)
--
-- Host: localhost    Database: trailerflix
-- ------------------------------------------------------
-- Server version	8.0.42

/*!40101 SET @OLD_CHARACTER_SET_CLIENT=@@CHARACTER_SET_CLIENT */;
/*!40101 SET @OLD_CHARACTER_SET_RESULTS=@@CHARACTER_SET_RESULTS */;
/*!40101 SET @OLD_COLLATION_CONNECTION=@@COLLATION_CONNECTION */;
/*!50503 SET NAMES utf8 */;
/*!40103 SET @OLD_TIME_ZONE=@@TIME_ZONE */;
/*!40103 SET TIME_ZONE='+00:00' */;
/*!40014 SET @OLD_UNIQUE_CHECKS=@@UNIQUE_CHECKS, UNIQUE_CHECKS=0 */;
/*!40014 SET @OLD_FOREIGN_KEY_CHECKS=@@FOREIGN_KEY_CHECKS, FOREIGN_KEY_CHECKS=0 */;
/*!40101 SET @OLD_SQL_MODE=@@SQL_MODE, SQL_MODE='NO_AUTO_VALUE_ON_ZERO' */;
/*!40111 SET @OLD_SQL_NOTES=@@SQL_NOTES, SQL_NOTES=0 */;

--
-- Table structure for table `actores`
--

DROP TABLE IF EXISTS `actores`;
/*!40101 SET @saved_cs_client     = @@character_set_client */;
/*!50503 SET character_set_client = utf8mb4 */;
CREATE TABLE `actores` (
  `actorID` int NOT NULL AUTO_INCREMENT,
  `nombreCompleto` varchar(255) DEFAULT NULL,
  PRIMARY KEY (`actorID`)
) ENGINE=InnoDB AUTO_INCREMENT=840 DEFAULT CHARSET=utf8mb4 COLLATE=utf8mb4_0900_ai_ci;
/*!40101 SET character_set_client = @saved_cs_client */;

--
-- Dumping data for table `actores`
--

LOCK TABLES `actores` WRITE;
/*!40000 ALTER TABLE `actores` DISABLE KEYS */;
INSERT INTO `actores` VALUES (1,'AJ Michalka'),(2,'Aaron Paul'),(3,'Aasif Mandvi'),(4,'Adam Cozens'),(5,'Adam Goldberg'),(6,'Adam Nagaitis'),(7,'Adam Pascal'),(8,'Adeel Akhtar'),(9,'Ahston Kutcher'),(10,'Aidan Gallagher'),(11,'Aidan Gillen'),(12,'Airyon Bakare'),(13,'Alan Arkin'),(14,'Alana Cavanaugh'),(15,'Alastair Mackenzie'),(16,'Alba Flores'),(17,'Aldis Hodge'),(18,'Alec Baldwin'),(19,'Alex Lawther'),(20,'Alex Wolff'),(21,'Alexander England'),(22,'Alfred Molina'),(23,'Alice Braga'),(24,'Alice Eve'),(25,'Alicia Vikander'),(26,'Alison Wright'),(27,'Allen Leech'),(28,'Allison Janney'),(29,'Amber Tamblyn'),(30,'Amr Waked'),(31,'Amy Adams'),(32,'Amy Beth Hayes'),(33,'Amy Huck'),(34,'Amy Manson'),(35,'Amy Seimetz'),(36,'Amy Warren'),(37,'Amybeth McNulty'),(38,'Andre Braugher'),(39,'Andrew Crawford'),(40,'Andrew Garfield'),(41,'Andrew Roux'),(42,'Andy García'),(43,'Andy Richter'),(44,'Andy Umberger'),(45,'Aneurin Barnard'),(46,'Angel Giuffria'),(47,'Angela Kinsey'),(48,'Angela Sarafyan'),(49,'Angelo Josue Lozano Corzo'),(50,'Angourie Rice'),(51,'Angus Macfadyen'),(52,'Angus T. Jones'),(53,'Anisha Nagarajan'),(54,'Anjelica Huston'),(55,'Anna Kendrick'),(56,'Anna Paquin'),(57,'Anna Wilson-Jones'),(58,'Annabel Davis'),(59,'Annaleigh Ashford'),(60,'Anne Hathaway'),(61,'Anthony Hopkins'),(62,'Anthony Mackie'),(63,'Anthony Michael'),(64,'Anthony Rapp'),(65,'Antonia Thomas'),(66,'Anya Taylor-Joy'),(67,'Ariana Neal'),(68,'Ariane Labed'),(69,'Armie Hammer'),(70,'Armie Hammer Alicia Vikander'),(71,'Ashely Thomas'),(72,'Ashton Kutcher'),(73,'Audrey Tautou'),(74,'Aurora Perrineau'),(75,'Awkwafina'),(76,'B.J. Novak'),(77,'BD Wong'),(78,'Babs Olusanmokun'),(79,'Barton Heyman'),(80,'Basher Savage'),(81,'Beatrice Straight'),(82,'Bella Dayne'),(83,'Ben Affleck'),(84,'Ben Barnes'),(85,'Ben Hardy'),(86,'Ben Miller'),(87,'Ben Rappaport'),(88,'Ben Stiller'),(89,'Benedict Cumberbatch'),(90,'Benedict Wong'),(91,'Benefict Wong'),(92,'Benjamin Rigby'),(93,'Benjamin Sokolow'),(94,'Bill Cobbs'),(95,'Bill Hader'),(96,'Bill Paxton'),(97,'Bill Skarsgård'),(98,'Billy Crudup'),(99,'Billy Griffin Jr.'),(100,'Billy Jenkins'),(101,'Blake Lively'),(102,'Blaze Berdahl'),(103,'Bobby Cannavale'),(104,'Bokeem Woodbine'),(105,'Bonnie Hunt'),(106,'Brad Greenquist'),(107,'Branwell Donaghey'),(108,'Brenda Song'),(109,'Brett Cullen'),(110,'Brian Baumgartner'),(111,'Bruce Harwood'),(112,'Bruno Amato'),(113,'Bryan Cranston'),(114,'Bryce Dallas Howard'),(115,'Burn Gorman'),(116,'C.C. Smiff'),(117,'C.J. Sanders'),(118,'Cailee Spaeny'),(119,'Caitriona Balfe'),(120,'Caleb McLaughlin'),(121,'Callie Hernandez'),(122,'Cameron Mann'),(123,'Camila Mendes'),(124,'Candice Patton'),(125,'Carel Struycken'),(126,'Carl Weathers'),(127,'Carla Gallo'),(128,'Carla Gugino'),(129,'Carlo Sabatini'),(130,'Carlos Valdes'),(131,'Carmela Zumbado'),(132,'Carmen Ejogo'),(133,'Carrie-Anne Moss'),(134,'Casey Cott'),(135,'Cate Blanchett'),(136,'Catherine Curtin'),(137,'Catherine O\'Hara'),(138,'Catherine Zeta-Jones'),(139,'Chad Randall'),(140,'Chadwick Boseman'),(141,'Charles Dance'),(142,'Charlie'),(143,'Charlie Cox'),(144,'Charlie Sheen'),(145,'Charlie Tahan'),(146,'Charlize Theron'),(147,'Cheech Marin'),(148,'Chelsea Moody'),(149,'Cherry Jones'),(150,'Chetna Pandya'),(151,'Chinasa Ogbuagu'),(152,'Chloe Pirrie'),(153,'Chosen Jacobs'),(154,'Chris Bartlett'),(155,'Chris Ellis'),(156,'Chris Evans'),(157,'Chris Hemsworth'),(158,'Chris Messina'),(159,'Chris Miller'),(160,'Chris O\'Dowd'),(161,'Chris Pine'),(162,'Chris Pratt'),(163,'Christian Bale'),(164,'Christian Berkel'),(165,'Christina Chang'),(166,'Christina Ricci'),(167,'Christopher Lloyd'),(168,'Christopher Plummer'),(169,'Claire Forlani'),(170,'Claire Fox'),(171,'Claire Foy'),(172,'Claire Keelan'),(173,'Claire Selby'),(174,'Clea DuVall'),(175,'Clifton Collins Jr.'),(176,'Clifton Powell'),(177,'Clint Dyer'),(178,'Clive StandenNaoko Mori'),(179,'Colin Farrell'),(180,'Colin Hanks'),(181,'Colin Morgan'),(182,'Common'),(183,'Conchata Ferrel'),(184,'Connie Nielsen'),(185,'Corey Feldman'),(186,'Corey Johnson'),(187,'Corey Stoll'),(188,'Corrine Koslo'),(189,'Courteney Cox'),(190,'Craig T. Nelson'),(191,'Curtis Armstrong'),(192,'Cynthia Addai-Robinson'),(193,'Daeg Faerch'),(194,'Dakota Johnson'),(195,'Dale Midkiff'),(196,'Dalila Bela'),(197,'Dan Hedaya'),(198,'Dana Ivey'),(199,'Danai Gurira'),(200,'Daniel Dae Kim'),(201,'Daniel Kaluuya'),(202,'Daniel Lapaine'),(203,'Daniel Stern'),(204,'Daniella Pineda'),(205,'Danielle Panabaker'),(206,'Danny DeVito'),(207,'Danny Glover'),(208,'Danny McBride'),(209,'Danny Webb'),(210,'Dash Mihok'),(211,'David Ajala'),(212,'David Castañeda'),(213,'David Denman'),(214,'David Duchovny'),(215,'David Harbour'),(216,'David Morse'),(217,'David Schwimmer'),(218,'David Thewils'),(219,'David Thewlis'),(220,'Demetri Goritsas'),(221,'Demián Bichir'),(222,'Denise Crosby'),(223,'Dennis Keiffer'),(224,'Dermot Mulroney'),(225,'Devin Ratray'),(226,'Dianne Wiest'),(227,'Dick Van Dyke'),(228,'Diedrich Bader'),(229,'Diego Boneta'),(230,'Dimitri Diatchenko'),(231,'Domhnall Gleeson'),(232,'Dominic Cooper'),(233,'Dominic Mafham'),(234,'Dominique Dunne'),(235,'Don Thompson'),(236,'Douglas McFerran'),(237,'Dwayne Johnson'),(238,'Dylan O\'Brien'),(239,'Ed Harris'),(240,'Eddie Redmayne'),(241,'Eli Roth'),(242,'Elisabeth Hopper'),(243,'Elizabeth Debicki'),(244,'Elizabeth Wilson'),(245,'Elle Fanning'),(246,'Ellen Burstyn'),(247,'Elliot Page'),(248,'Emilia Clarke'),(249,'Emily Bayiokos'),(250,'Emily Berrington'),(251,'Emily Watson'),(252,'Emma Thompson'),(253,'Emmanuelle Béart'),(254,'Emmy Raver-Lampman'),(255,'Emut Elliott'),(256,'Enrique Arce'),(257,'Enver Gjokaj'),(258,'Eric André'),(259,'Erica Frene'),(260,'Esther Acebo'),(261,'Etienne Chicot'),(262,'Eugene O\'Hare'),(263,'Evan Peters'),(264,'Evan Rachel Wood'),(265,'Eve Hewson'),(266,'Ewan McGregor'),(267,'Ezra Miller'),(268,'Fairuzza Balk'),(269,'Faye Marsay'),(270,'Felicity Jones'),(271,'Finn Wolfhard'),(272,'Fiona Gubelmann'),(273,'Florence Pugh'),(274,'Frances Conroy'),(275,'Frances McDormand'),(276,'Fred Gwynne'),(277,'Fred Melamed'),(278,'Freddie Highmore'),(279,'Gabriel Basso'),(280,'Gal Gadot'),(281,'Gana Bayarsaikhan'),(282,'Gary Anthony Williams'),(283,'Gary Sinise'),(284,'Gaten Matarazzo'),(285,'Geena Davis'),(286,'Gemma Chan'),(287,'Gemma Zamprogna'),(288,'George Carlin'),(289,'George Clooney'),(290,'Georgie Glen'),(291,'Georgina Campbell'),(292,'Geraldine Chaplin'),(293,'Geraldine James'),(294,'Geraldine Viswanathan'),(295,'Giancarlo Esposito'),(296,'Gillian Anderson'),(297,'Glen Powell'),(298,'Gragam Linehan'),(299,'Grant Gustin'),(300,'Greg Wise'),(301,'Gugu Mbatha-Raw'),(302,'Guru Singh'),(303,'Guy Pearce'),(304,'Guy Pierce'),(305,'Guy Williams'),(306,'Gwilym Lee'),(307,'Gwyneth Paltrow'),(308,'Génesis Rodríguez'),(309,'Hannah John-Kamen'),(310,'Hari Dhillon'),(311,'Harrison Ford'),(312,'Harrison Gilbertson'),(313,'Harry Lennix'),(314,'Harry Lloyd'),(315,'Harry Melling'),(316,'Haruka Kuroda Camiel Warren-Taylor'),(317,'Harvey Guillén'),(318,'Heather O\'Rourke'),(319,'Heaton'),(320,'Helena Bonham Carter'),(321,'Henry Cavill'),(322,'Henry Czerny'),(323,'Hill Harper'),(324,'Hillary Wolf'),(325,'Hiroyuki Sanada'),(326,'Holland Taylor'),(327,'Hugh Grant'),(328,'Hugh Jackman'),(329,'Ian Bonar'),(330,'Ian McKellen'),(331,'Ian Whyte'),(332,'Idris Elba'),(333,'Igor Jijikine'),(334,'Imogen Poots'),(335,'Indira Ainger'),(336,'Ingeborga Dapkünaitè'),(337,'Ingrid Bolsø Berdal'),(338,'Ioan Gruffudd'),(339,'Irrfan Khan'),(340,'Isabella Sermon'),(341,'Isaiah Mustafa'),(342,'Itziar Ituño'),(343,'Ivanno Jeremiah'),(344,'Izabella Alvarez'),(345,'J.G. Hertzler'),(346,'J.K. Simmons'),(347,'Jack Black'),(348,'Jack Dylan'),(349,'Jack MacGowran'),(350,'Jackson Bews'),(351,'Jaeden Martell'),(352,'Jaime Lorente'),(353,'Jake Cherry'),(354,'Jake Davies'),(355,'Jake Gyllenhaal'),(356,'Jake Gyllenhaal Rebecca Ferguson'),(357,'Jake Presley'),(358,'Jalil Jay Lynch'),(359,'James Cromwell'),(360,'James Franco'),(361,'James Lance'),(362,'James Martin Kelly'),(363,'James McArdle'),(364,'James McAvoy'),(365,'James Northcote'),(366,'James Weber Brown'),(367,'Jamie Foxx'),(368,'Janelle Bailley'),(369,'Janelle Monáe'),(370,'Janina Elkin'),(371,'Jared Harris'),(372,'Jason Clarke'),(373,'Jason Lee'),(374,'Jason Miller'),(375,'Jason Momoa'),(376,'Javier Botet'),(377,'Jay Ryan'),(378,'Jean Reno'),(379,'Jean Smart'),(380,'Jean-Yves Berteloot'),(381,'Jeff Cohen'),(382,'Jeff Daniel Phillips'),(383,'Jeff Daniels'),(384,'Jeff Goldblum'),(385,'Jeff Mash Patrick Kennedy'),(386,'Jeffrey Tambor'),(387,'Jeffrey Wright'),(388,'Jenna Fischer'),(389,'Jennifer Aniston'),(390,'Jennifer Bini Taylor'),(391,'Jennifer Connelly'),(392,'Jennifer Ehle'),(393,'Jennifer Lawrence'),(394,'Jeremy Irons'),(395,'Jeremy Ray'),(396,'Jeremy Renner'),(397,'Jerome Flynn'),(398,'Jerremy Shamos'),(399,'Jesse Eisenberg'),(400,'Jesse L. Martin'),(401,'Jesse Plemons'),(402,'Jessica Chastain'),(403,'Jessica Szohr'),(404,'Jessie Buckley'),(405,'Jim Broadbent'),(406,'Jim Parsons'),(407,'Jimi Mistry'),(408,'Jimmi Simpson'),(409,'Jimmy Workman'),(410,'Jing Tian'),(411,'JoBeth Williams'),(412,'Joakim Skarli'),(413,'Joan Cusack'),(414,'Joaquin Phoenix'),(415,'Joe Keery'),(416,'Joe Pesci'),(417,'Joe Tippett'),(418,'Joel Courtney'),(419,'Joey Slotnick'),(420,'Jogn Goodman'),(421,'Jogn Hawkes'),(422,'Jogn matuszak'),(423,'John Boyega'),(424,'John DiMaggio'),(425,'John Douglas Thompson'),(426,'John Gertz'),(427,'John Goodman'),(428,'John Heard'),(429,'John Hurt'),(430,'John Krasinski'),(431,'John Lebar'),(432,'John Lithgow'),(433,'John Malkovich'),(434,'Johnny Galecki'),(435,'Jola Bokinni'),(436,'Jon Bernthal'),(437,'Jon Cryer'),(438,'Jon Voight'),(439,'Jonas Karlsson'),(440,'Jonathan Aris'),(441,'Jonathan Ke Quan'),(442,'Jorja Fox'),(443,'Joseph Mazzello'),(444,'Josh Brener'),(445,'Josh Brolin'),(446,'Josh Gad'),(447,'Josh Lucas'),(448,'José Manuel Trujillo Salas'),(449,'Judd Hirsch'),(450,'Jude Law'),(451,'Judy Greer'),(452,'Julee Cerda'),(453,'Julia Davis'),(454,'Julia Stiles'),(455,'Julianne Hough'),(456,'Julianne Nicholson'),(457,'Jurnee Smollett'),(458,'Jussie Smollett'),(459,'Justice Smith'),(460,'Justin Timberlake'),(461,'Jürgen Prochnow'),(462,'Kadiff Kirwan'),(463,'Kaley Cuoco'),(464,'Kamontip Krissy Ashton'),(465,'Karen Allen'),(466,'Karen Ceesay'),(467,'Karen Gillan'),(468,'Kate Dickie'),(469,'Kate Flannery'),(470,'Kate Hudson'),(471,'Kate Mara'),(472,'Kate McGregor-Stewart'),(473,'Kate Walsh'),(474,'Kate Winslet'),(475,'Katherine Parkinson'),(476,'Katherine Waterston'),(477,'Kathleen Quinlan'),(478,'Kathrine Narducci'),(479,'Keira Knightley'),(480,'Kerri Green'),(481,'Kerrie Hayes'),(482,'Kerry Bishé'),(483,'Kerry Washington'),(484,'Kevin Bacon'),(485,'Kevin Costner'),(486,'Kevin Hart'),(487,'Kevin Layne'),(488,'Kid Cudi'),(489,'Kim Raver'),(490,'Kiran Sonia Sawar'),(491,'Kirsten Dunst'),(492,'Kit Harington'),(493,'Kitty Winn'),(494,'Kristen Wiig'),(495,'Kristin Brock'),(496,'Kristin Scott Thomas'),(497,'Kristoffer Polaha'),(498,'Kunal Nayyar'),(499,'Kyle Chandler'),(500,'Larry the Cable Guy'),(501,'Laurence Fishburne'),(502,'Lee J. Cobb'),(503,'Lee Pace'),(504,'Lee Wilkof'),(505,'Lena Headey'),(506,'Leonardo Nam'),(507,'Lesley Ann Warren'),(508,'Leslie David Baker'),(509,'Letitia Wright'),(510,'Lewis Macleod'),(511,'Lia Williams'),(512,'Liev Schreiber'),(513,'Lili Reinhart'),(514,'Lilly Aspell'),(515,'Linda Blair'),(516,'Lisa Kudrow'),(517,'Logan Marshall-Green'),(518,'Lorina Kamburova'),(519,'Louis Herthum'),(520,'Louis Partridge'),(521,'Luca Calvani'),(522,'Lucas Jade Zumann'),(523,'Lucy Boynton'),(524,'Lucy Carless'),(525,'Lucy Hutchinson'),(526,'Lukas Haas'),(527,'Luke Allen-Gale'),(528,'Luke Hemsworth'),(529,'Lupita Nyong\'o'),(530,'Lydia Wilson'),(531,'Macaulay Culkin'),(532,'Mackenzie Davis'),(533,'Madelaine Petsch'),(534,'Madeline Brewer'),(535,'Madison Iseman'),(536,'Mahershala Ali'),(537,'Malin Åkerman'),(538,'Mara Clark'),(539,'Margot Robbie'),(540,'Marianna Di Martino'),(541,'Marin Hinkle'),(542,'Marion Cotillard'),(543,'Marisol Nichols'),(544,'Mark Ruffalo'),(545,'Mark Strong'),(546,'Martha Plimpton'),(547,'Martin Casella'),(548,'Martin Freeman'),(549,'Martin Henderson'),(550,'Mary Elizabeth Winstead'),(551,'Mary J. Blige'),(552,'Mason Guccione'),(553,'Matt Berry'),(554,'Matt Damon'),(555,'Matt LeBlanc'),(556,'Matt Letscher'),(557,'Matt Smith'),(558,'Matthew Beard'),(559,'Matthew Goode'),(560,'Matthew Modine'),(561,'Matthew Perry'),(562,'Max Minghella'),(563,'Max vox Sydow'),(564,'Maxine Peake'),(565,'Mayim Bialik'),(566,'Melanie Lynskey'),(567,'Melissa Rauch'),(568,'Mia Farrow'),(569,'Mia Goth'),(570,'Michael Angarano'),(571,'Michael B. Jordan'),(572,'Michael C. Maronna'),(573,'Michael Fassbender'),(574,'Michael Keaton'),(575,'Michael Kelly'),(576,'Michael Lombard'),(577,'Michael McManus'),(578,'Michael Peña'),(579,'Michael Sheen'),(580,'Michael Wallis'),(581,'Michaela Coel'),(582,'Mickey Rooney'),(583,'Miguel Herrán'),(584,'Mike Myers'),(585,'Mike White'),(586,'Miko Hughes'),(587,'Miley Cyrus'),(588,'Millie Bobby Brown'),(589,'Mindy Kaling'),(590,'Miranda Cosgrove'),(591,'Misha Kuznetsov'),(592,'Misty Rosas'),(593,'Mitch Pileggi'),(594,'Mizuo Peck'),(595,'Morgan Turner'),(596,'Moses Ingram'),(597,'Mädchen Amick'),(598,'Naoko Mori'),(599,'Natalia Dyer'),(600,'Natalie Imbruglia'),(601,'Nathaniel Dean'),(602,'Neal Huff'),(603,'Ned Bellamy'),(604,'Neil Maskell'),(605,'Nicholas Gonzalez'),(606,'Nicholas Hamilton'),(607,'Nicholas Logan'),(608,'Nick Bartlett'),(609,'Nick Chinlund'),(610,'Nick Jonas'),(611,'Nick Robinson'),(612,'Nicole Beharie'),(613,'Nicole Sullivan Christopher Knights'),(614,'Nikolaj Coster-Waldau'),(615,'Nina Bergman'),(616,'Noah Emmerich'),(617,'Noah Jupe'),(618,'Noah Wyle'),(619,'Noel Fielding'),(620,'Noomi Rapace'),(621,'O.T. Fagbenle'),(622,'Octavia Spencer'),(623,'Olga Dihovichnaya'),(624,'Oliver Robins'),(625,'Olivia Colman'),(626,'Olivia Wilde'),(627,'Omar Epps'),(628,'Omar Sy'),(629,'Orto Ignatiussen'),(630,'Oscar Isaac'),(631,'Owen Wilson'),(632,'Pablo Calva'),(633,'Paige Spara'),(634,'Parvesh Ceena'),(635,'Patrick Fugit'),(636,'Patrick Wilson'),(637,'Paul Bettany'),(638,'Paul Dooley'),(639,'Paul Giamatti'),(640,'Paul Lawrence Kitson'),(641,'Paul Newman'),(642,'Paul Popplewell'),(643,'Paul Ritter'),(644,'Pedro Alonso'),(645,'Pedro Pascal'),(646,'Pete Postlethwaite'),(647,'Peter Dinklage'),(648,'Peter Ferdinando'),(649,'Peter Serafinowicz'),(650,'Phaldut Sharma'),(651,'Phoebe Fox'),(652,'Pippa Black'),(653,'Pixie Daves'),(654,'Portia Doubleday'),(655,'Predrag Bjelac'),(656,'R. H. Thomson'),(657,'Rachael Leigh Cook'),(658,'Rachel Weisz'),(659,'Radhika Chaudhari'),(660,'Rafael Casal'),(661,'Rafe Spall'),(662,'Rainn Wilson'),(663,'Rami Malek'),(664,'Ramón Rodríguez'),(665,'Rashida Jones'),(666,'Ray Abruzzo'),(667,'Ray Fisher'),(668,'Ray Romano'),(669,'Ray Winstone'),(670,'Raúl Juliá'),(671,'Rebecca Hazlewood'),(672,'Rebekah Staton'),(673,'Regina King'),(674,'Rhashan Stone'),(675,'Rhona Mitra'),(676,'Rhys Darby'),(677,'Richard Ayoade'),(678,'Richard Rountree'),(679,'Richard Schiff'),(680,'Ricky Gervais'),(681,'Riley Griffiths'),(682,'Rinko Kikuchi'),(683,'Rio Hackford'),(684,'Rizwan Manji'),(685,'Rob Horrocks'),(686,'Rob Riggle'),(687,'Robert Aramayo'),(688,'Robert Davi'),(689,'Robert De Niro'),(690,'Robert Downey Jr.'),(691,'Robert Patrick'),(692,'Robert Sheehan'),(693,'Roberts Blossom'),(694,'Robin Williams'),(695,'Robin Wright'),(696,'Rodrigo Santoro'),(697,'Roger Corman'),(698,'Ron Eldard'),(699,'Ron Yuan'),(700,'Rooney Mara'),(701,'Rory Cochrane'),(702,'Rory Kinnear'),(703,'Rosamund Pike'),(704,'Rose Byrne'),(705,'Rosie Perez'),(706,'Rowan Atkinson'),(707,'Russell Brand'),(708,'Russell Crowe'),(709,'Ruth Bradley'),(710,'Ryan Gosling'),(711,'Ryan Lee'),(712,'Ryan Phillippe'),(713,'Ryan Reynolds'),(714,'Ryan Robbins'),(715,'Sacha Dhawan'),(716,'Salli Richardson-Whitfield'),(717,'Sam Claflin'),(718,'Sam Riley'),(719,'Sam Worthington'),(720,'Sandra Bullock'),(721,'Sarah Abbott'),(722,'Sarah Silverman'),(723,'Sarah Snook'),(724,'Scarlett Johansson'),(725,'Scoot McNairy'),(726,'Scott Eastwood'),(727,'Scott Hunter'),(728,'Seamus Davey-Fitzpatrick'),(729,'Sean Astin'),(730,'Sean Bean'),(731,'Sean Buxton'),(732,'Sean Harris'),(733,'Sedona Legge'),(734,'Ser\'Darius Blain'),(735,'Seth Lee'),(736,'Shamier Anderson'),(737,'Shane Hartline'),(738,'Shane Steyn'),(739,'Shannon Woodward'),(740,'Sharon Warren'),(741,'Shea Whigham'),(742,'Sheila Shaw'),(743,'Shia LaBeouf'),(744,'Simon Helberg'),(745,'Simon McBurney'),(746,'Simon Quarterman'),(747,'Simon Russell Beale'),(748,'Simona Brown'),(749,'Sinéad Matthews'),(750,'Sonoya Mizuno'),(751,'Sope Dirisu'),(752,'Sophia Lillis'),(753,'Sophie Turner'),(754,'Sosie Bacon'),(755,'Spike Jonze'),(756,'Stacy Martin'),(757,'Stellan Skarsgård'),(758,'Stephanie Kurtzuba'),(759,'Stephen Spinella'),(760,'Steve Carell'),(761,'Steve Coogan'),(762,'Steve Nicolson'),(763,'Susan Blommaert'),(764,'Susannah Doyle'),(765,'Susannah Fielding'),(766,'Suzzane Douglas'),(767,'Sylvester Groth'),(768,'Tait Fletcher'),(769,'Talulah Riley'),(770,'Taraji P. Henson'),(771,'Tasha de Vasconcelos'),(772,'Tate Donovan'),(773,'Ted Levine'),(774,'Terence Harvey'),(775,'Tess Haubrich'),(776,'Tessa Thompson'),(777,'Thandiwe Newton'),(778,'Theo James'),(779,'Theo Stevenson'),(780,'Thomas Brodie-Sangster'),(781,'Thomas M. Wright'),(782,'Thushari Jayasekera'),(783,'Thusitha Jayasumdera'),(784,'Tim Robbins'),(785,'Tim Woodward'),(786,'Tiya Sircar'),(787,'Tobias Menzies'),(788,'Tobit Raphael'),(789,'Toby Huss'),(790,'Toby Jones'),(791,'Tom Binns'),(792,'Tom Braidwood'),(793,'Tom Cavanagh'),(794,'Tom Cruise'),(795,'Tom Goodman-Hill'),(796,'Tom Hanks'),(797,'Tom Hollander'),(798,'Tom Hopper'),(799,'Tom McGrath Danny Jacobs'),(800,'Tom Prior'),(801,'Toma Bateman'),(802,'Toni Collette'),(803,'Tony Shalhoub'),(804,'Tuppence Middleton'),(805,'Tygh Runyan'),(806,'Tyler Howitt'),(807,'Tyler Labine'),(808,'Uli Latukefu'),(809,'Vanesa Kirby'),(810,'Vanessa Kirby'),(811,'Vanessa Redgrave'),(812,'Victor Garber'),(813,'Vince Vaughn'),(814,'Vincent Cassel'),(815,'Vincent D\'Onofrio'),(816,'Vincent Piazza'),(817,'Ving Rhames'),(818,'Virginia Kiser'),(819,'Vladimir Furdik'),(820,'Wayne Knight'),(821,'Wayne Pére'),(822,'Will Ferrell'),(823,'Will Forte'),(824,'Will Smith'),(825,'Will Tudor'),(826,'Will Yun Lee'),(827,'William B. Davis'),(828,'William Hurt'),(829,'William O\'Malley'),(830,'Willow Smith'),(831,'Winona Ryder'),(832,'Wunmi Mosaku'),(833,'Wyatt Oleff'),(834,'Xander Berkeley'),(835,'Zazie Beetz'),(836,'Zoey Deschanel'),(837,'Álvaro Morte'),(838,'Óscar Jaenada'),(839,'Úrsula Corberó');
/*!40000 ALTER TABLE `actores` ENABLE KEYS */;
UNLOCK TABLES;

--
-- Table structure for table `categorias`
--

DROP TABLE IF EXISTS `categorias`;
/*!40101 SET @saved_cs_client     = @@character_set_client */;
/*!50503 SET character_set_client = utf8mb4 */;
CREATE TABLE `categorias` (
  `categoriaID` int NOT NULL AUTO_INCREMENT,
  `categoria` varchar(50) NOT NULL,
  PRIMARY KEY (`categoriaID`)
) ENGINE=InnoDB AUTO_INCREMENT=5 DEFAULT CHARSET=utf8mb4 COLLATE=utf8mb4_0900_ai_ci;
/*!40101 SET character_set_client = @saved_cs_client */;

--
-- Dumping data for table `categorias`
--

LOCK TABLES `categorias` WRITE;
/*!40000 ALTER TABLE `categorias` DISABLE KEYS */;
INSERT INTO `categorias` VALUES (1,'Película'),(2,'Serie');
/*!40000 ALTER TABLE `categorias` ENABLE KEYS */;
UNLOCK TABLES;

--
-- Table structure for table `contenido_actores`
--

DROP TABLE IF EXISTS `contenido_actores`;
/*!40101 SET @saved_cs_client     = @@character_set_client */;
/*!50503 SET character_set_client = utf8mb4 */;
CREATE TABLE `contenido_actores` (
  `contenidoID` int NOT NULL,
  `actorID` int NOT NULL,
  PRIMARY KEY (`contenidoID`,`actorID`),
  KEY `actorID` (`actorID`),
  CONSTRAINT `contenido_actores_ibfk_1` FOREIGN KEY (`contenidoID`) REFERENCES `contenidos` (`contenidoID`),
  CONSTRAINT `contenido_actores_ibfk_2` FOREIGN KEY (`actorID`) REFERENCES `actores` (`actorID`)
) ENGINE=InnoDB DEFAULT CHARSET=utf8mb4 COLLATE=utf8mb4_0900_ai_ci;
/*!40101 SET character_set_client = @saved_cs_client */;

--
-- Dumping data for table `contenido_actores`
--

LOCK TABLES `contenido_actores` WRITE;
/*!40000 ALTER TABLE `contenido_actores` DISABLE KEYS */;
INSERT INTO `contenido_actores` VALUES (80,1),(16,2),(65,2),(68,2),(93,3),(45,4),(55,5),(15,6),(91,7),(6,8),(36,9),(4,10),(78,11),(61,12),(58,13),(17,14),(68,15),(43,16),(68,17),(79,18),(68,19),(21,20),(73,20),(76,20),(60,21),(88,22),(33,23),(68,24),(31,25),(75,26),(53,27),(78,27),(76,28),(42,29),(74,30),(41,31),(70,31),(68,32),(47,33),(27,34),(60,35),(45,36),(13,37),(57,38),(60,39),(38,40),(68,41),(56,42),(85,43),(75,44),(62,45),(75,46),(50,47),(16,48),(95,49),(66,50),(22,51),(42,52),(94,53),(97,54),(40,55),(75,55),(90,56),(68,57),(68,58),(76,59),(57,60),(16,61),(68,62),(37,63),(55,64),(51,65),(5,66),(62,66),(54,67),(68,68),(38,69),(72,70),(68,71),(42,72),(88,73),(56,74),(21,75),(50,76),(93,76),(81,77),(68,78),(48,79),(45,80),(87,81),(64,82),(41,83),(58,83),(75,83),(16,84),(78,85),(89,86),(94,87),(77,88),(53,89),(59,90),(68,91),(60,92),(26,93),(77,94),(23,95),(46,96),(23,97),(49,97),(60,98),(90,98),(68,99),(64,100),(95,101),(86,102),(21,103),(73,103),(67,104),(84,105),(86,106),(59,107),(38,108),(7,109),(95,109),(50,110),(14,111),(93,112),(58,113),(79,113),(32,114),(68,114),(81,114),(35,115),(59,116),(67,117),(35,118),(66,118),(25,119),(44,120),(60,121),(66,122),(2,123),(10,124),(97,125),(3,126),(94,127),(77,128),(47,129),(10,130),(65,131),(60,132),(64,133),(2,134),(82,135),(76,136),(92,137),(79,138),(65,139),(24,140),(53,141),(44,142),(52,143),(42,144),(33,145),(59,146),(84,147),(95,148),(68,149),(68,150),(66,151),(5,152),(68,152),(49,153),(3,154),(46,155),(8,156),(8,157),(19,158),(85,159),(63,160),(74,161),(32,162),(56,162),(70,162),(81,162),(25,163),(72,164),(51,165),(97,166),(97,167),(55,168),(39,169),(1,170),(34,171),(68,172),(31,173),(57,174),(58,174),(16,175),(67,176),(68,177),(96,178),(18,179),(21,180),(73,180),(64,181),(18,182),(42,183),(41,184),(74,184),(83,185),(31,186),(62,186),(34,187),(13,188),(12,189),(87,190),(67,191),(75,192),(75,193),(65,194),(86,195),(13,196),(97,197),(97,198),(24,199),(40,200),(24,201),(68,202),(92,203),(81,204),(10,205),(21,206),(21,207),(60,208),(64,209),(33,210),(68,211),(4,212),(66,213),(14,214),(29,215),(44,215),(57,216),(12,217),(47,218),(52,219),(68,220),(60,221),(86,222),(75,223),(36,224),(92,225),(57,226),(77,227),(94,228),(79,229),(82,230),(31,231),(65,232),(27,233),(87,234),(57,235),(89,236),(21,237),(73,237),(93,238),(16,239),(45,239),(46,239),(55,239),(52,240),(79,241),(68,242),(72,243),(96,243),(97,244),(80,245),(48,246),(4,247),(9,248),(26,249),(64,250),(15,251),(52,251),(96,251),(33,252),(71,253),(4,254),(59,255),(43,256),(22,257),(93,258),(79,259),(43,260),(88,261),(68,262),(66,263),(16,264),(69,265),(19,266),(41,267),(90,268),(68,269),(52,270),(44,271),(49,271),(51,272),(29,273),(7,274),(90,275),(86,276),(56,277),(51,278),(80,279),(41,280),(74,280),(31,281),(93,282),(46,283),(44,284),(18,285),(64,286),(37,287),(84,288),(45,289),(69,290),(68,291),(81,292),(13,293),(76,294),(3,295),(14,296),(54,297),(63,298),(10,299),(89,300),(68,301),(94,302),(59,303),(66,303),(60,304),(72,305),(78,306),(28,307),(26,308),(68,309),(76,310),(82,311),(65,312),(67,313),(52,314),(5,315),(61,316),(93,317),(87,318),(44,319),(1,320),(6,320),(6,321),(41,321),(72,321),(71,322),(51,323),(92,324),(61,325),(42,326),(72,327),(76,328),(68,329),(88,330),(59,331),(59,332),(82,333),(65,334),(68,335),(71,336),(16,337),(18,338),(32,339),(81,340),(23,341),(43,342),(64,343),(16,344),(37,345),(36,346),(75,346),(21,347),(73,347),(91,347),(49,348),(48,349),(68,350),(49,351),(43,352),(77,353),(68,354),(96,355),(61,356),(75,357),(65,358),(81,359),(60,360),(68,361),(79,362),(66,363),(23,364),(53,365),(27,366),(67,367),(95,368),(54,369),(5,370),(15,371),(72,371),(34,372),(96,372),(90,373),(48,374),(41,375),(60,376),(23,377),(71,378),(88,378),(66,379),(75,379),(88,380),(83,381),(16,382),(30,383),(81,384),(68,385),(75,386),(16,387),(50,388),(12,389),(42,390),(55,391),(28,392),(56,393),(41,394),(49,395),(8,396),(68,397),(76,398),(38,399),(10,400),(68,401),(18,402),(23,402),(30,402),(93,403),(15,404),(82,405),(11,406),(54,406),(68,407),(16,408),(68,408),(97,409),(35,410),(87,411),(69,412),(91,413),(7,414),(70,414),(44,415),(92,416),(66,417),(80,418),(37,419),(58,420),(96,421),(83,422),(35,423),(37,424),(85,424),(66,425),(38,426),(93,427),(92,428),(82,429),(50,430),(59,431),(75,432),(18,433),(89,433),(11,434),(68,435),(25,436),(75,436),(42,437),(71,438),(68,439),(62,440),(83,441),(22,442),(78,443),(93,444),(83,445),(96,445),(36,446),(93,446),(25,447),(55,447),(95,448),(55,449),(28,450),(32,451),(56,452),(68,453),(47,454),(79,455),(66,456),(19,457),(60,458),(81,459),(38,460),(88,461),(68,462),(11,463),(69,464),(82,465),(93,466),(21,467),(73,467),(59,468),(50,469),(90,470),(30,471),(91,472),(22,473),(28,474),(66,474),(62,475),(63,475),(64,475),(60,476),(46,477),(76,478),(53,479),(96,479),(83,480),(68,481),(17,482),(58,482),(67,483),(46,484),(54,485),(21,486),(73,486),(81,487),(65,488),(77,489),(68,490),(54,491),(9,492),(48,493),(30,494),(74,494),(56,495),(71,496),(74,497),(11,498),(34,499),(80,499),(84,500),(28,501),(56,501),(48,502),(17,503),(91,504),(9,505),(16,506),(36,507),(50,508),(68,509),(63,510),(20,511),(47,512),(2,513),(74,514),(48,515),(12,516),(59,517),(27,518),(16,519),(6,520),(72,521),(13,522),(78,523),(64,524),(59,525),(36,526),(27,527),(16,528),(24,529),(68,530),(92,531),(17,532),(68,532),(2,533),(68,534),(21,535),(73,535),(54,536),(79,537),(86,538),(19,539),(72,540),(21,541),(42,541),(73,541),(28,542),(2,543),(8,544),(53,545),(83,546),(87,547),(24,548),(96,549),(19,550),(79,551),(21,552),(73,552),(63,553),(25,554),(28,554),(30,554),(12,555),(70,556),(1,557),(53,558),(53,559),(36,560),(12,561),(38,562),(93,562),(48,563),(52,564),(68,564),(11,565),(42,566),(11,567),(47,568),(96,569),(90,570),(24,571),(92,572),(59,573),(60,573),(65,574),(68,575),(96,575),(86,576),(87,577),(30,578),(56,579),(84,580),(68,581),(77,582),(43,583),(78,584),(91,585),(86,586),(68,587),(6,588),(44,588),(50,589),(22,590),(91,590),(72,591),(3,592),(14,593),(77,594),(21,595),(73,595),(5,596),(2,597),(61,598),(44,599),(89,600),(60,601),(66,602),(39,603),(64,604),(51,605),(49,606),(94,607),(68,608),(65,609),(21,610),(73,610),(32,611),(68,612),(85,613),(9,614),(27,615),(80,616),(25,617),(37,618),(63,619),(59,620),(60,620),(29,621),(54,622),(61,623),(87,624),(1,625),(70,626),(22,627),(32,628),(45,629),(31,630),(77,631),(84,631),(93,631),(95,632),(51,633),(94,634),(34,635),(90,635),(57,636),(59,636),(55,637),(88,637),(84,638),(79,639),(68,640),(84,641),(68,642),(15,643),(43,644),(3,645),(74,645),(47,646),(9,647),(20,648),(63,649),(45,650),(68,651),(94,652),(64,653),(70,654),(47,655),(13,656),(39,657),(29,658),(94,659),(76,660),(59,661),(81,661),(50,662),(65,663),(77,663),(78,663),(65,664),(38,665),(76,666),(41,667),(76,668),(29,669),(82,669),(97,670),(94,671),(68,672),(67,673),(68,674),(20,675),(21,676),(73,676),(63,677),(39,678),(51,679),(77,680),(80,681),(35,682),(3,683),(94,684),(69,685),(93,686),(69,687),(83,688),(7,689),(8,690),(14,691),(4,692),(92,693),(77,694),(74,695),(96,695),(16,696),(46,697),(80,698),(75,699),(38,700),(70,700),(58,701),(53,702),(62,703),(93,704),(19,705),(89,706),(79,707),(55,708),(64,709),(34,710),(80,711),(39,712),(61,713),(57,714),(94,715),(33,716),(6,717),(62,718),(96,719),(45,720),(68,721),(91,722),(68,723),(8,724),(29,724),(70,724),(17,725),(58,725),(35,726),(75,727),(47,728),(83,729),(30,730),(21,731),(73,731),(59,732),(95,733),(21,734),(73,734),(75,735),(40,736),(79,737),(59,738),(16,739),(67,740),(7,741),(37,742),(82,743),(11,744),(52,745),(16,746),(62,747),(69,748),(68,749),(31,750),(68,751),(49,752),(9,753),(66,754),(70,755),(20,756),(15,757),(76,758),(76,759),(50,760),(77,761),(89,762),(86,763),(68,764),(68,765),(91,766),(72,767),(75,768),(16,769),(54,770),(89,771),(58,772),(81,773),(89,774),(60,775),(16,776),(16,777),(20,778),(64,779),(5,780),(96,781),(94,782),(64,783),(39,784),(62,785),(93,786),(1,787),(68,787),(93,788),(17,789),(20,790),(81,790),(63,791),(14,792),(10,793),(71,794),(79,794),(64,795),(96,795),(46,796),(88,796),(78,797),(4,798),(85,799),(52,800),(69,801),(40,802),(84,803),(68,804),(39,805),(69,806),(39,807),(60,808),(1,809),(96,810),(71,811),(58,812),(93,813),(16,814),(32,815),(26,816),(71,817),(87,818),(59,819),(85,820),(37,821),(93,822),(79,823),(33,824),(64,825),(51,826),(57,827),(29,828),(64,828),(48,829),(33,830),(44,831),(68,832),(49,833),(46,834),(7,835),(90,836),(43,837),(95,838),(43,839);
/*!40000 ALTER TABLE `contenido_actores` ENABLE KEYS */;
UNLOCK TABLES;

--
-- Table structure for table `contenido_tags`
--

DROP TABLE IF EXISTS `contenido_tags`;
/*!40101 SET @saved_cs_client     = @@character_set_client */;
/*!50503 SET character_set_client = utf8mb4 */;
CREATE TABLE `contenido_tags` (
  `contenidoID` int NOT NULL,
  `tagID` int NOT NULL,
  PRIMARY KEY (`contenidoID`,`tagID`),
  KEY `tagID` (`tagID`),
  CONSTRAINT `contenido_tags_ibfk_1` FOREIGN KEY (`contenidoID`) REFERENCES `contenidos` (`contenidoID`),
  CONSTRAINT `contenido_tags_ibfk_2` FOREIGN KEY (`tagID`) REFERENCES `tags` (`tagID`)
) ENGINE=InnoDB DEFAULT CHARSET=utf8mb4 COLLATE=utf8mb4_0900_ai_ci;
/*!40101 SET character_set_client = @saved_cs_client */;

--
-- Dumping data for table `contenido_tags`
--

LOCK TABLES `contenido_tags` WRITE;
/*!40000 ALTER TABLE `contenido_tags` DISABLE KEYS */;
INSERT INTO `contenido_tags` VALUES (3,1),(8,1),(10,1),(18,1),(19,1),(20,1),(24,1),(27,1),(29,1),(35,1),(39,1),(41,1),(43,1),(65,1),(71,1),(72,1),(75,1),(77,1),(81,1),(82,1),(83,1),(89,1),(84,2),(85,2),(8,3),(9,3),(21,3),(24,3),(25,3),(29,3),(30,3),(32,3),(41,3),(42,3),(43,3),(59,3),(60,3),(72,3),(73,3),(74,3),(75,3),(77,3),(81,3),(82,3),(83,3),(84,3),(85,3),(88,3),(40,4),(41,4),(45,4),(56,4),(59,4),(60,4),(61,4),(64,4),(68,4),(70,4),(77,4),(11,5),(12,5),(19,5),(21,5),(37,5),(42,5),(50,5),(63,5),(72,5),(73,5),(74,5),(77,5),(79,5),(84,5),(85,5),(89,5),(91,5),(92,5),(93,5),(94,5),(97,5),(7,6),(66,6),(69,6),(75,6),(1,7),(2,7),(4,7),(5,7),(6,7),(9,7),(12,7),(13,7),(14,7),(15,7),(16,7),(17,7),(18,7),(25,7),(26,7),(28,7),(29,7),(30,7),(31,7),(33,7),(34,7),(36,7),(38,7),(39,7),(40,7),(43,7),(45,7),(46,7),(47,7),(48,7),(49,7),(51,7),(52,7),(53,7),(54,7),(55,7),(56,7),(57,7),(58,7),(62,7),(64,7),(65,7),(66,7),(67,7),(68,7),(69,7),(70,7),(71,7),(72,7),(75,7),(76,7),(78,7),(79,7),(86,7),(87,7),(88,7),(90,7),(95,7),(96,7),(12,8),(13,8),(42,8),(44,8),(50,8),(51,8),(77,8),(83,8),(84,8),(85,8),(89,8),(91,8),(92,8),(93,8),(94,8),(97,8),(3,9),(4,9),(9,9),(10,9),(11,9),(21,9),(23,9),(24,9),(35,9),(41,9),(64,9),(68,9),(73,9),(74,9),(97,9),(2,10),(5,10),(6,10),(11,10),(17,10),(19,10),(21,10),(28,10),(32,10),(33,10),(73,10),(74,10),(22,11),(27,11),(25,12),(36,12),(37,12),(38,12),(46,12),(53,12),(54,12),(55,12),(62,12),(67,12),(76,12),(78,12),(26,13),(2,14),(6,14),(44,14),(57,14),(59,14),(60,14),(64,14),(66,14),(80,14),(88,14),(79,15),(67,16),(78,16),(79,16),(90,16),(91,16),(92,16),(52,17),(55,17),(56,17),(57,17),(62,17),(70,17),(71,17),(79,17),(3,18),(4,18),(8,18),(10,18),(14,18),(16,18),(20,18),(22,18),(27,18),(30,18),(31,18),(35,18),(56,18),(64,18),(70,18),(80,18),(81,18),(1,19),(15,19),(34,19),(46,19),(52,19),(53,19),(54,19),(55,19),(58,19),(62,19),(67,19),(76,19),(78,19),(90,19),(96,19),(5,20),(7,21),(14,21),(18,21),(20,21),(22,21),(23,21),(26,21),(28,21),(31,21),(32,21),(39,21),(40,21),(44,21),(45,21),(47,21),(48,21),(49,21),(53,21),(54,21),(57,21),(58,21),(61,21),(65,21),(66,21),(69,21),(75,21),(80,21),(86,21),(87,21),(88,21),(95,21),(96,21),(17,22),(36,22),(37,22),(38,22),(23,23),(27,23),(33,23),(47,23),(48,23),(49,23),(61,23),(86,23),(87,23),(95,23),(13,24),(16,24);
/*!40000 ALTER TABLE `contenido_tags` ENABLE KEYS */;
UNLOCK TABLES;

--
-- Table structure for table `contenidos`
--

DROP TABLE IF EXISTS `contenidos`;
/*!40101 SET @saved_cs_client     = @@character_set_client */;
/*!50503 SET character_set_client = utf8mb4 */;
CREATE TABLE `contenidos` (
  `contenidoID` int NOT NULL AUTO_INCREMENT,
  `poster` varchar(255) DEFAULT NULL,
  `titulo` varchar(255) NOT NULL,
  `categoriaID` int DEFAULT NULL,
  `generoID` int DEFAULT NULL,
  `resumen` text,
  `temporadas` int DEFAULT NULL,
  `duracion` varchar(50) DEFAULT NULL,
  `trailer` varchar(255) DEFAULT NULL,
  PRIMARY KEY (`contenidoID`),
  KEY `categoriaID` (`categoriaID`),
  KEY `generoID` (`generoID`),
  CONSTRAINT `contenidos_ibfk_1` FOREIGN KEY (`categoriaID`) REFERENCES `categorias` (`categoriaID`),
  CONSTRAINT `contenidos_ibfk_2` FOREIGN KEY (`generoID`) REFERENCES `generos` (`generoID`)
) ENGINE=InnoDB AUTO_INCREMENT=98 DEFAULT CHARSET=utf8mb4 COLLATE=utf8mb4_0900_ai_ci;
/*!40101 SET character_set_client = @saved_cs_client */;

--
-- Dumping data for table `contenidos`
--

LOCK TABLES `contenidos` WRITE;
/*!40000 ALTER TABLE `contenidos` DISABLE KEYS */;
INSERT INTO `contenidos` VALUES (1,'./posters/1.jpg','The Crown',2,3,'Este drama narra las rivalidades políticas y el romance de la reina Isabel II, así como los sucesos que moldearon la segunda mitad del siglo XX.',4,'https://www.youtube.com/embed/JWtnJjn6ng0',NULL),(2,'./posters/2.jpg','Riverdale',2,2,'El paso a la edad adulta incluye sexo, romance, escuela y familia. Para Archie y sus amigos, también hay misterios oscuros.',5,'https://www.youtube.com/embed/HxtLlByaYTc',NULL),(3,'./posters/3.jpg','The Mandalorian',2,1,'Ambientada tras la caída del Imperio y antes de la aparición de la Primera Orden, la Serie sigue los pasos de un pistolero solitario en las aventuras que protagoniza en los confines de la galaxia, donde no alcanza la autoridad de la Nueva República.',2,'https://www.youtube.com/embed/aOC8E8z_ifw',NULL),(4,'./posters/4.jpg','The Umbrella Academy',2,1,'La muerte de su padre reúne a unos hermanos distanciados y con extraordinarios poderes que descubren impactantes secretos y una amenaza que se cierne sobre la humanidad.',1,'https://www.youtube.com/embed/KHucKOK-Vik',NULL),(5,'./posters/5.jpg','Gambito de Dama',2,2,'En los cincuenta, una joven de un orfanato descubre que tiene un increíble don para el ajedrez y recorre el arduo camino a la fama mientras lucha contra las adicciones.',1,'https://www.youtube.com/embed/lbleRbyGKL4',NULL),(6,'./posters/6.jpg','Enola Holmes',1,2,'La hermana menor de Sherlock, descubre que su madre ha desaparecido y se dispone a encontrarla. En su búsqueda, saca a relucir el sabueso que corre por sus venas y se encuentra con una conspiración que gira en torno a un misterioso lord, demostrando que su ilustre hermano no es el único talento en la familia.',NULL,'https://www.youtube.com/embed/3t1g2pa355k','97 minutos'),(7,'./posters/7.jpg','Guasón',1,4,'Arthur Fleck (Phoenix) es un hombre ignorado por la sociedad, cuya motivación en la vida es hacer reír. Pero una Serie de trágicos acontecimientos le llevarán a ver el mundo de otra forma. Película basada en el popular personaje de DC Comics Joker, conocido como archivillano de Batman, pero que en este film tomará un cariz más realista y oscuro.',NULL,'https://www.youtube.com/embed/zAGVQLHvwOY','97 minutos'),(8,'./posters/8.jpg','Avengers: End Game',1,1,'Después de los devastadores eventos de los Vengadores: Infinity War (2018), el universo está en ruinas. Con la ayuda de los aliados restantes, los Vengadores se reúnen una vez más para revertir las acciones de Thanos y restaurar el equilibrio del universo.',NULL,'https://www.youtube.com/embed/TcMBFSGVi1c','97 minutos'),(9,'./posters/9.jpg','Juego de tronos',2,10,'En un mundo fantástico y en un contexto medieval varias familias, relativas a la nobleza, se disputan el poder para dominar el territorio ficticio de Poniente (Westeros) y tomar el control de los Siete Reinos desde el Trono de Hierro, lugar donde el rey ejerce el poder.',8,'https://www.youtube.com/embed/KPLWWIOCOOQ',NULL),(10,'./posters/10.jpg','The Flash',2,1,'Sigue las veloces aventuras de Barry Allen, un joven común y corriente con el deseo latente de ayudar a los demás. Cuando una inesperada partícula aceleradora golpea por accidente a Barry, de pronto se encuentra cargado de un increíble poder para moverse a increíbles velocidades. Mientras Barry siempre ha tenido el alma de un héroe, sus nuevos poderes le han dado la capacidad de actuar como tal.',6,'https://www.youtube.com/embed/Yj0l7iGKh8g',NULL),(11,'./posters/11.jpg','The Big Bang Theory',2,5,'Leonard y Sheldon son dos físicos que comparten trabajo y apartamento. La Serie comienza con la mudanza de Penny, su nueva y atractiva vecina, y hace hincapié en la dificultad de los físicos para relacionarse con personas fuera de su entorno para dar lugar a situaciones cómicas.',12,'https://www.youtube.com/embed/WBb3fojgW0Q',NULL),(12,'./posters/12.jpg','Friends',2,5,'\'Friends\' narra las aventuras y desventuras de seis jóvenes de Nueva York: Rachel, Monica, Phoebe, Ross, Chandler y Joey. Ellos forman una unida pandilla de amigos que viven en Manhattan y que suelen reunirse en sus apartamentos o en su bar habitual cafetería, el Central Perk. A pesar de los numerosos cambios que se producen en sus vidas, su amistad es inquebrantable en la dura batalla por salir adelante en sus periplos profesionales y personales.',10,'https://www.youtube.com/embed/ekYGfU0XIx0',NULL),(13,'./posters/13.jpg','Anne with an \'E\'',2,6,'Anne Shirley es una niña huérfana que vive en un pequeño pueblo llamado Avonlea que pertenece a la Isla del Príncipe Eduardo, en el año 1890. Después de una infancia difícil, donde fue pasando de orfanato a hogares de acogida, es enviada por error a vivir con una solterona y su hermano. Cuando cumple 13 años, Anne va a conseguir transformar su vida y el pequeño pueblo donde vive gracias a su fuerte personalidad, intelecto e imaginación. Basada en la inolvidable novela.',2,'https://www.youtube.com/embed/M4T-_aB8smU',NULL),(14,'./posters/14.jpg','Expedientes Secretos \'X\'',2,1,'Fox Mulder y Dana Scully son dos investigadores del FBI que investigan casos sin resolución ni explicación, ya sea por razones paranormales (espíritus, criaturas extrañas, aliens...) ya porque el gobierno se ha encargado de ocultar todo tipo de pruebas. Cuando Mulder tenía doce años, su hermana pequeña fue secuestrada por unos desconocidos, aunque él cree que, en realidad, fue abducida por extraterrestres. Tras acabar sus estudios en la universidad de Oxford, ingresó en la Academia de Quantico, donde se ganó el apodo de \'siniestro\'',11,'https://www.youtube.com/embed/KKziOmsJxzE',NULL),(15,'./posters/15.jpg','Chernobyl',2,3,'Sigue «la verdadera historia de una de las peores catástrofes provocadas por el hombre y habla de los valientes hombres y mujeres que se sacrificaron para salvar a Europa de un desastre inimaginable. La miniSerie se centra en el desgarrador alcance del desastre de la planta nuclear que ocurrió en Ucrania en abril de 1986, revelando cómo y por qué ocurrió, además contando las sorprendentes y notables historias de los héroes que lucharon y cayeron.',1,'https://www.youtube.com/embed/s9APLXM9Ei8',NULL),(16,'./posters/16.jpg','Westworld',2,1,'\'Westworld\' es una oscura odisea acerca del amanecer de la conciencia artificial y la evolución del pecado. Situada en la intersección del futuro cercano y el pasado reimaginado, explora un mundo donde cada apetito humano, sin importar cuán noble o depravado, puede ser saciado. Está ambientada en un parque temático futurista dirigido por el Dr. Robert Ford (Anthony Hopkins). Las instalaciones cuentan con androides caracterizados del western americano, y gracias a ellos los visitantes pueden introducirse en cualquier tipo de fantasía por muy oscura que sea.',3,'https://www.youtube.com/embed/qLFBcdd6Qw0',NULL),(17,'./posters/17.jpg','Halt and Catch Fire',2,2,'',4,'https://www.youtube.com/embed/pWrioRji60A',NULL),(18,'./posters/18.jpg','Ava',1,8,'Ava es una mortífera asesina a sueldo que trabaja para una organización de operaciones encubiertas, que viaja por todo el mundo acabando con aquellos objetivos que nadie más puede derribar. Cuando uno de sus encargos sale mal, Ava tendrá que luchar por una vida.',NULL,'https://www.youtube.com/embed/eLEwNo78f0k','97 minutos'),(19,'./posters/19.jpg','Aves de presa y la fantabulosa emancipación de una Harley Quinn',1,1,'Después de separarse de Joker, Harley Quinn y otras tres heroínas (Canario Negro, Cazadora y Renée Montoya) unen sus fuerzas para salvar a una niña (Cassandra Cain) del malvado rey del crimen Máscara Negra.',NULL,'https://www.youtube.com/embed/saUmnenKbBM','97 minutos'),(20,'./posters/20.jpg','Archivo',1,1,'2038: George Almore está trabajando en una verdadera IA equivalente a la humana. Su último prototipo está casi listo. Esta fase sensible también es la más arriesgada. Especialmente porque tiene un objetivo que debe ocultarse a toda costa: reunirse con su esposa muerta.',NULL,'https://www.youtube.com/embed/VHSoCnDioAo','97 minutos'),(21,'./posters/21.jpg','Jumanji - The next level',1,10,'Las aventuras continúan en el fantástico mundo del video juego Jumanji, donde nada es lo que parece. En esta ocasión, los jugadores vuelven al juego, pero sus personajes se han intercambiado entre sí, lo que ofrece un curioso plantel: los mismos héroes con distinta apariencia y habilidades. Pero, ¿dónde está el resto de la gente?',NULL,'https://www.youtube.com/embed/rBxcF-r9Ibs','97 minutos'),(22,'./posters/22.jpg','3022',1,4,'La película está ambientada en una estación espacial en el futuro. La tripulación sufre un estrés traumático y considera abandonar su misión después de observar lo que creen que es la destrucción de la Tierra. La película se muestra como una Serie de flashbacks y flash-forward.',NULL,'https://www.youtube.com/embed/AGQ7OkmIx4Q','97 minutos'),(23,'./posters/23.jpg','IT - Capítulo 2',1,7,'En este segundo capitulo Han pasado 27 años desde que el \'Club de los Perdedores\', formado por Bill, Berverly, Richie, Ben, Eddie, Mike y Stanley, se enfrentaran al macabro y despiadado Pennywise (Bill Skarsgård). En cuanto tuvieron oportunidad, abandonaron el pueblo de Derry, en el estado de Maine, que tantos problemas les había ocasionado. Sin embargo, ahora, siendo adultos, parece que no pueden escapar de su pasado. Todos deberán enfrentarse de nuevo al temible payaso para descubrir si de verdad están preparados para superar sus traumas de la infancia.',NULL,'https://www.youtube.com/embed/hZeFeYSmBcg','97 minutos'),(24,'./posters/24.jpg','Pantera Negra',1,1,'T’Challa (Chadwick Boseman) regresa a su hogar en la apartada nación africana de Wakanda para servir como líder de su país. Tras suceder a su padre en el trono, pasa a convertirse en Pantera Negra, una sigilosa criatura de la noche, con agudos sentidos felinos y otras habilidades como súper fuerza e inteligencia, agilidad, estrategia o maestro del combate sin armas. Es bajo el liderazgo de T’Challa como Wakanda consigue convertirse en una de las naciones más ricas y tecnológicamente avanzadas del planeta.',NULL,'https://www.youtube.com/embed/BE6inv8Xh4A','97 minutos'),(25,'./posters/25.jpg','Contra lo imposible (Ford versus Ferrari)',1,3,'Los ganadores del Premio de la Academia® Matt Damon y Christian Bale protagonizan CONTRA LO IMPOSIBLE, basada en la historia real del visionario diseñador americano de automóviles Carroll Shelby (Damon) y el intrépido piloto británico Ken Miles (Bale). Juntos construyen un nuevo coche de carreras para Ford Motor Company y así enfrentar a Enzo Ferrari en las 24 Horas de Le Mans en Francia en 1966.',NULL,'https://www.youtube.com/embed/SOVb0-2g1Q0','97 minutos'),(26,'./posters/26.jpg','Centígrados',1,4,'Una joven pareja estadounidense viaja a las montañas árticas de Noruega. Después de detenerse durante una tormenta de nieve, se despiertan atrapados en su SUV, enterrados bajo capas de nieve y hielo.',NULL,'https://www.youtube.com/embed/0RvV7TNUlkQ','97 minutos'),(27,'./posters/27.jpg','DOOM: Aniquilación',1,7,'Doom: Aniquilación sigue a un grupo de marines espaciales que han respondido a una llamada de alerta de una base en la luna marciana, solo para descubrir que ha sido tomada por criaturas demoníacas que amenazan con desatar el infierno en la tierra.',NULL,'https://www.youtube.com/embed/nat3u3gAVLE','97 minutos'),(28,'./posters/28.jpg','Contagio',1,2,'De repente, sin saber cuál es su origen, aunque todo hace sospechar que comienza con el viaje de una norteamericana a un casino de Hong Kong, un virus mortal comienza a propagarse por todo el mundo. En pocos días, la enfermedad empieza a diezmar a la población. El contagio se produce por mero contacto entre los seres humanos. Un thriller realista y sin efectos especiales sobre los efectos de una epidemia.',NULL,'https://www.youtube.com/embed/4sYSyuuLk5g','97 minutos'),(29,'./posters/29.jpg','Viuda Negra',1,9,'Primera pelicula individual de la Viuda Negra en el universo cinematografico de Marvel, contando su historia desde que se inició como doble agente rusa, su niñez, sus misiones, y su actualidad, después de Avengers.',NULL,'https://www.youtube.com/embed/BIn8iANwEog','97 minutos'),(30,'./posters/30.jpg','The Martian',1,1,'Durante una misión a Marte de la nave tripulada Ares III, una fuerte tormenta se desata dando por desaparecido y muerto al astronauta Mark Watney (Matt Damon), sus compañeros toman la decisión de irse pero él ha sobrevivido. Está solo y sin apenas recursos en el planeta. Con muy pocos medios deberá recurrir a sus conocimientos, su sentido del humor y un gran instinto de supervivencia para lograr sobrevivir y comunicar a la Tierra que todavía está vivo esperando que acudan en su rescate.',NULL,'https://www.youtube.com/embed/XvB58bCVfng','97 minutos'),(31,'./posters/31.jpg','Ex-Machina',1,1,'Un programador multimillonario selecciona a Caleb, un joven empleado de su empresa, para que pase una semana en un lugar remoto con el objetivo de que participe en un test en el que estará involucrada su última creación: un robot-mujer en el que inteligencia artificial lo es todo.',NULL,'https://www.youtube.com/embed/XRYL5spvEcI','97 minutos'),(32,'./posters/32.jpg','Jurassic World',1,8,'Veintidós años después de lo ocurrido en Jurassic Park, la isla Nublar ha sido transformada en un enorme parque temático, Jurassic Wold, con versiones «domesticadas» de algunos de los dinosaurios más conocidos. Cuando todo parece ir sobre ruedas y ser el negocio del siglo, un nuevo dinosaurio de especie desconocida, pues ha sido creado manipulando genéticamente su ADN, y que resulta ser mucho más inteligente de lo que se pensaba, se escapa de su recinto y comienza a causar estragos entre los visitantes del Parque.',NULL,'https://www.youtube.com/embed/RFinNxS5KN4','97 minutos'),(33,'./posters/33.jpg','Soy leyenda',1,7,'Años después de que una plaga mate a la mayoría de la humanidad y transforme al resto en monstruos, el único superviviente en la ciudad de Nueva York lucha valientemente para encontrar una cura.',NULL,'https://www.youtube.com/embed/dtKMEAXyPkg','97 minutos'),(34,'./posters/34.jpg','El primer hombre en la luna',1,3,'Cuenta la historia de la misión de la NASA que llevó al primer hombre a la luna, centrada en Neil Armstrong (interpretado por Ryan Gosling) y el periodo comprendido entre los años 1961 y 1969. Un relato en primera persona, basado en la novela de James R. Hansen, que explora el sacrificio y el precio que representó, tanto para Armstrong como para Estados Unidos, una de las misiones más peligrosas de la historia.',NULL,'https://www.youtube.com/embed/PSoRx87OO6k','97 minutos'),(35,'./posters/35.jpg','Titanes del pacífico - La insurrección',1,1,'Han pasado 10 años tras la primera invasión que sufrió la humanidad, pero la lucha aún no ha terminado. El planeta vuelve a ser asediado por los Kaiju, una raza de alienígenas colosales, que emergen desde un portal interdimensional con el objetivo de destruir a la raza humana. Ante esta nueva amenaza, los Jaegers, robots gigantes de guerra pilotados por dos personas para sobrellevar la inmensa carga neuronal que conlleva manipularlos, ya no están a la altura de lo que se les viene encima. Será entonces cuando los supervivientes de la primera invasión, además de nuevos personajes como el hijo de Pentecost, tendrán que idear la manera de sorprender al enorme enemigo, apostando por nuevas estrategias defensivas y de ataque. Con la Tierra en ruinas e intentando reconstruirse, esta nueva batalla puede ser decisiva para el futuro.',NULL,'https://www.youtube.com/embed/_EhiLLOhVis','97 minutos'),(36,'./posters/36.jpg','JOBS: La Vida De Steve Jobs',1,3,'Sólo hace falta una persona para empezar una revolución. Jobs es la extraordinaria historia de Steve Jobs, el original innovador y emprendedor que no dejó que nada se interpusiera en su camino hacia la grandeza. La película cuenta la épica y turbulenta historia de Jobs mientras abría un camino que cambió la tecnología - y el mundo - para siempre. Su vida es repasada desde que era adolescente, intentando estudiar en la universidad, hasta el año 2001, cuando el iPod fue presentado al mundo y comenzó a \'allanar\' el camino para lo que años después, sería el iPhone.',NULL,'https://www.youtube.com/embed/FrvkCS0ZGPU','104 minutos'),(37,'./posters/37.jpg','Piratas de Silicon Valey',1,3,'Esta película es el documental semigracioso sobre los hombres que hicieron el mundo de la tecnología lo que es hoy, sus luchas durante el colegio, la fundación de sus compañías y las acciones ingeniosas que tomaron para aumentar los Imperios corporativos globales de Apple Computer Inc. y Microsoft Corporation.',NULL,'https://www.youtube.com/embed/lEyrivrjAuU','104 minutos'),(38,'./posters/38.jpg','Red Social',1,3,'En una noche de otoño de 2003, el genio de la programación de computación de la Universidad de Harvard Mark Zuckerberg se sienta en su computadora y acaloradamente comienza a trabajar en una nueva idea. En una furia de los blogs y la programación, lo que comienza en su dormitorio como un pequeño sitio entre amigos pronto se convierte en una red social global y una revolución en la comunicación. A sólo seis años y 500 millones de amigos más tarde, Mark Zuckerberg es el multimillonario más joven de la historia ... pero para este empresario, el éxito conduce a complicaciones tanto personales como legales.',NULL,'https://www.youtube.com/embed/lB95KLmpLR4','116 minutos'),(39,'./posters/39.jpg','Antitrust',1,9,'Milo Hoffman es un joven informático increíblemente prometedor para su edad que rápidamente es contratado por una importante empresa de Sillicon Valley. El empleo de sus sueños se ha hecho realidad, ya que ahí puede trabajar con los ordenadores más potentes del mundo y con las últimas tecnologías que aún no han salido al mercado. El Paraíso de un informático. Su jefe, Gary Winston , es un poderoso pez gordo de la industria que en un principio parece un tipo íntegro y legal. Pero pronto descubrirá que fisgar en sus archivos secretos no es la mejor idea si uno quiere conservar su trabajo... y su vida.',NULL,'https://www.youtube.com/embed/k3TwIJjyjPM','110 minutos'),(40,'./posters/40.jpg','Stowaway',1,1,'Una misión al planeta Marte. Dos años de duración. De repente, los tres tripulantes afectados a esta labor deben tomar una decisión imposible cuando un pasajero imprevisto compromete la vida de todos a bordo. No hay vuelta atrás. La decisión deberá tomarse contemplando la vida de los, ahora, cuatro pasajeros aún cuando la supervivecnaia tenga que acarrear algún sacrificio.',NULL,'https://www.youtube.com/embed/A_apvQkWsVY','118 minutos'),(41,'./posters/41.jpg','Liga de la Justicia - Zack Snyder',1,9,'Decidido a asegurarse de que el sacrificio final de Superman no fue en vano, Bruce Wayne alinea fuerzas con Diana Prince con planes para reclutar un equipo de metahumanos para proteger al mundo de una amenaza de proporciones catastróficas que se aproxima. En esta fascinante entrega, no apta para niños, verás cómo se conforma la Liga de la Justicia, uniendo a los principales superhéroes conocidos como Metahumanos.',NULL,'https://www.youtube.com/embed/BUb_-RxsoBs','242 minutos'),(42,'./posters/42.jpg','Two and a half men',2,5,'Un quiropráctico y padre soltero, Alan Harper, vive en una casa al frente de la playa con su hijo mediocre, Jake, y un billonario de la Internet divorciado Walden Schmidt, que se muda con la familia de los Harper y ofrece comprar la casa luego de la muerte inesperada del hermano de Alan, Charlie, que era el propietario de la casa en la que vivía con Alan y Jake, luego de que padre e hijo se mudaran después del divorcio de Alan. La exesposa de Alan y madre de Jake, Judith, permanece en sus vidas.',12,'https://www.youtube.com/embed/mVHDanSl2pc',NULL),(43,'./posters/43.jpg','La casa de Papel',2,9,'Ocho ladrones toman rehenes en la Fábrica Nacional de Moneda y Timbre de España, mientras el líder de la banda manipula a la policía para cumplir con su plan.',4,'https://www.youtube.com/embed/w1jkStuRQU8',NULL),(44,'./posters/44.jpg','Stranger Things',2,4,'Pasan cosas muy extrañas en Hawkins, Indiana, tras una desaparición que revela la presencia de una niña con poderes sobrenaturales. Después de la extraña desaparición de un niño, un pueblo se encuentra ante un misterio que revela experimentos secretos, fuerzas sobrenaturales.',4,'https://www.youtube.com/embed/b9EkMc79ZSU',NULL),(45,'./posters/45.jpg','Gravity',1,4,'Durante un paseo espacial rutinario, dos astronautas sufren un grave accidente y quedan flotando en el espacio. Una es la doctora Ryan Stone, una brillante ingeniera en su primera misión espacial en la Shuttle. Su acompañante es el veterano astronauta Matt Kowalsky. Durante el paseo algo sale mal y ocurre el desastre: el shuttle queda destrozado, dejando a Ryan y Matt completamente solos, momento a partir del cual intentarán por todos los medios volver a la Tierra.',NULL,'https://www.youtube.com/embed/OiTiKOy59o4','93 minutos'),(46,'./posters/46.jpg','Apollo 13',1,3,'El Apolo 13 inicia su viaje a la luna en abril de 1970. Cuando la tripulación está a punto de llegar a su destino, una explosión en el espacio les hace perder oxígeno, energía y el curso de la nave... Todo se convierte en una situación desesperada para los tres hombres tripulantes, especialmente cuando el oxígeno amenaza con agotarse. Mientras, el mundo entero, que apenas un año antes conoció la gloria de la aventura espacial cuando el hombre pisó la luna, contiene la respiración a la espera de ver cómo acaba tan angustiosa espera.',NULL,'https://www.youtube.com/embed/e3ZtOS4MCkk','140 minutos'),(47,'./posters/47.jpg','La profecía',1,7,'Incapaz de decirle a su mujer Katherine la trágica muerte de su hijo recién nacido, el diplomático americano Robert Thorn acepta un huérfano como su hijo. Los detalles del nacimiento del chico son un secreto, pero cuando Damien va creciendo, empieza a dar muestras de que no es un chico corriente.',NULL,'https://www.youtube.com/embed/8L-1Qk_MQQs','110 minutos'),(48,'./posters/48.jpg','El exorcista',1,7,'Regan es una niña de doce años víctima de fenómenos paranormales como la levitación o la manifestación de una fuerza sobrehumana. Su madre, aterrorizada, tras someter a su hija a múltiples análisis médicos que no ofrecen ningún resultado, acude a un sacerdote con estudios de psiquiatría. Éste está convencido de que el mal no es físico sino espiritual, es decir, que la niña es víctima de una posesión diabólica. Por eso, con la ayuda de otro sacerdote decide practicar un exorcismo.',NULL,'https://www.youtube.com/embed/YDGw1MTEe9k','122 minutos'),(49,'./posters/49.jpg','It (eso)',1,7,'Remake del clásico de Stephen King, y de la película homónima de 1990, en el que un payaso aterroriza a los niños de un vecindario. En un pequeño pueblo de Maine, siete niños conocidos como el Club de los Perdedores se encuentran cara a cara con problemas de la vida, matones y un monstruo que toma la forma de un payaso llamado Pennywise..',NULL,'https://www.youtube.com/embed/FnCdOQsX5kc','135 minutos'),(50,'./posters/50.jpg','The Office',2,5,'Steve Carell protagoniza The Office, un fresco y divertido vistazo, con formato pseudo-documental, al día a día en la vida de unos excéntricos trabajadores de la empresa Dunder Mifflin. El serio pero despistadísimo director Michael Scott se considera un magnífico jefe y mentor, pero realmente inspira más críticas que respeto a sus empleados.',9,'https://www.youtube.com/embed/LHOtME2DL4g',NULL),(51,'./posters/51.jpg','The Good Doctor',2,6,'Un cirujano joven y autista que padece el síndrome del sabio empieza a trabajar en un hospital prestigioso. Allá tendrá que vencer el escepticismo con el que sus colegas lo reciben.',4,'https://www.youtube.com/embed/fYlZDTru55g',NULL),(52,'./posters/52.jpg','La teoría del todo',1,3,'La película gira en torno a la vida de Stephen Hawking, el importante teórico y divulgador científico que cambió la historia de la ciencia y la tecnología moderna para siempre. La película se centrará en la relación que mantuvo el británico con Jane Wilde, su primera mujer, con quien contrajo matrimonio después de que le diagnosticaran una enfermedad por la que no le quedaban más de dos años de vida. Estupenda adaptación con un Eddie Redmayne que cada día nos sorprende más.',NULL,'https://www.youtube.com/embed/Salz7uGp72c','123 minutos'),(53,'./posters/53.jpg','Código enigma',1,3,'Durante el invierno de 1952, las autoridades británicas entraron en el hogar del matemático, analista y héroe de guerra Alan Turing, con la intención de investigar la denuncia de un robo. Al final acabaron arrestando a Turing acusándole de indecencia grave, un cargo que le supondría una devastadora condena por una ofensa criminal: ser homosexual. Los oficiales no tenían ni idea de que en realidad estaban incriminando al pionero de la informática actual. Liderando a un heterogéneo grupo de académicos, lingüistas, campeones de ajedrez y oficiales de inteligencia, se le conoce por haber descifrado el código de la inquebrantable máquina Enigma de los alemanes durante la Segunda Guerra Mundial.',NULL,'https://www.youtube.com/embed/nuPZUUED5uk','115 minutos'),(54,'./posters/54.jpg','Talentos ocultos',1,3,'Narra la historia nunca contada de tres brillantes mujeres científicas afroamericanas que trabajaron en la NASA a comienzos de los años sesenta (en plena carrera espacial, y asimismo en mitad de la lucha por los derechos civiles de los negros estadounidenses) en el ambicioso proyecto de poner en órbita al astronauta John Glenn.',NULL,'https://www.youtube.com/embed/RK8xHq6dfAo','127 minutos'),(55,'./posters/55.jpg','Una mente brillante',1,3,'Obsesionado con la búsqueda de una idea matemática original, el brillante estudiante John Forbes Nash llega a Princeton para realizar sus estudios de postgrado. Es un muchacho extraño y solitario, al que sólo comprende su compañero de cuarto. Por fin, Nash esboza una revolucionaria teoría y consigue una plaza de profesor en el MIT. Alicia Lardé, una de sus alumnas, lo deja fascinado al mostrarle que las leyes del amor están por encima de las de las matemáticas. Gracias a su prodigiosa habilidad para descifrar códigos es reclutado por Parcher William, del departamento de Defensa, para ayudar a los Estados Unidos en la Guerra Fría contra la Unión Soviética.',NULL,'https://www.youtube.com/embed/jT51irTIrAc','134 minutos'),(56,'./posters/56.jpg','Passengers',1,1,'Una nave espacial, que viaja a un planeta lejano transportando a miles de personas, tiene una avería en una de las cápsulas de hibernación tras el impacto con un gran meteorito. Como resultado, un pasajero se despierta noventa años antes del final del viaje.',NULL,'https://www.youtube.com/embed/7BWWWQzTpNU','116 minutos'),(57,'./posters/57.jpg','Passengers',1,4,'Un avión se estrella y tan sólo sobreviven cinco personas. Asignada al caso por su mentor, la joven terapeuta Claire, una brillante psicóloga, deberá ayudar a los supervivientes a superar el trauma. Pero, poco a poco, éstos empiezan a desaparecer misteriosamente... o a no aparecer en la sesiones. Nada está claro, ni siquiera qué pasó en el accidente. Además, entre los supervivientes está Eric, un atractivo pasajero que parece no necesitar terapia. (la línea entre este mundo y el próximo, está a pundo de ser cruzada)',NULL,'https://www.youtube.com/embed/iMW4RpQmJJQ','93 minutos'),(58,'./posters/58.jpg','Argo',1,3,'Irán, año 1979. Cuando la embajada de los Estados Unidos en Teherán es ocupada por seguidores del Ayatolá Jomeini para pedir la extradición del Sha de Persia, la CIA y el gobierno canadiense organizaron una operación para rescatar a seis diplomáticos estadounidenses que se habían refugiado en la casa del embajador de Canadá. Con este fin se recurrió a un experto en rescatar rehenes y se preparó el escenario para el rodaje de una película de ciencia-ficción, de título \'Argo\', en la que participaba un equipo de cazatalentos de Hollywood. La misión: ir a Teherán y hacer pasar a los diplomáticos por un equipo de filmación canadiense para traerlos de vuelta a casa.',NULL,'https://www.youtube.com/embed/JW3WfSFgrVY','120 minutos'),(59,'./posters/59.jpg','Prometheus',1,1,'Un grupo de científicos y exploradores emprende un viaje espacial a un remoto planeta, una rara estrella recién descubierta, donde sus límites físicos y mentales serán puestos a prueba. El motivo de la misión es que los humanos creen que allá podrán encontrar la respuesta a las preguntas más profundas y al mayor de los misterios: el origen de la vida en la Tierra.',NULL,'https://www.youtube.com/embed/34cEo0VhfGE','120 minutos'),(60,'./posters/60.jpg','Alien: Covenant',1,1,'Rumbo a un remoto planeta al otro lado de la galaxia, la tripulación de la nave colonial Covenant descubre lo que creen que es un paraíso inexplorado, pero resulta tratarse de un mundo oscuro y hostil cuyo único habitante es un \'sintético\' llamado David (Michael Fassbender), superviviente de la malograda expedición Prometheus. Secuela de \'Prometheus\' (2012), a su vez precuela de \'Alien, el octavo pasajero\' (1979).',NULL,'https://www.youtube.com/embed/svnAD0TApb8','122 minutos'),(61,'./posters/61.jpg','Life: Vida inteligente',1,4,'Seis miembros de la tripulación de la Estación Espacial Internacional que están a punto de lograr uno de los descubrimientos más importantes en la historia humana: la primera evidencia de vida extraterrestre en Marte. A medida que el equipo comienza a investigar y sus métodos tienen consecuencias inesperadas, la forma viviente demostrará ser más inteligente de lo que cualquiera esperaba.',NULL,'https://www.youtube.com/embed/viX9irZw9Cg','106 minutos'),(62,'./posters/62.jpg','Madame Curie',1,3,'Basada en el libro \'A tale of love and fallout\' de Lauren Redniss, Radioactive es la historia biográfica sobre la científica polaca Marie Curie, la primera persona en recibir dos premios Nobel en distintas especialidades —Física y Química—, y la primera mujer en ocupar el puesto de profesora en la Universidad de París. Dirigida por Marjane Satrapi y protagonizada por Rosamund Pike como Marie Curie, está basada en la novela gráfica de Lauren Redniss.',NULL,'https://www.youtube.com/embed/w0jqppl-ybY','115 minutos'),(63,'./posters/63.jpg','The IT Crowd',2,5,'En un desordenado sótano en las entrañas de Industrias Reynholm habitan Roy y Moss, los componentes del Departamento de informática. Víctimas del desprecio y del escarnio de sus compañeros más guays, su mundo de servidores y cortafuegos se ve interrumpido por la llegada de Jen, su nueva jefa, que sabe tanto de ordenadores como un yak.',4,'https://www.youtube.com/embed/wCa1jfo93jQ',NULL),(64,'./posters/64.jpg','Humans',2,1,'En un presente paralelo donde el último gadget que hay que tener para cualquier familia ocupada es un \'Synth\' - un sirviente robótico altamente desarrollado que es tan similar a un humano real que está transformando la manera en que vivimos.',3,'https://www.youtube.com/embed/BV8qFeZxZPE',NULL),(65,'./posters/65.jpg','Need for Speed',1,9,'El más famoso de los videojuegos de carreras llega a la gran pantalla para dejar a los más fanáticos boquiabiertos. Need for Speed cuenta la historia de un experto en automovilismo (Aaron Paul), el cual tiene un garage en dónde transforma coches para hacerlos más rápidos de lo que son para poder competir en carreras ilegales. Entró en la cárcel por un delito que no había cometido, justo cuando su mejor amigo muere en una carrera, y ahora sale de allí para vengarse.',NULL,'https://www.youtube.com/embed/u3wtVI-aJuw','130 minutos'),(66,'./posters/66.jpg','Mare of Easttown',2,2,'Mare of Easttown es una miniserie estadounidense de drama y misterio creada por Brad Ingelsby cuenta la historia de Mare Sheehan, una detective de un pequeño pueblo de Pensilvania que investiga un asesinato local mientras trata de evitar que su vida se desmorone a raiz de la muerte de su hijo, su separación, y la posible restitución de su nieto a su madre biológica.',1,'https://www.youtube.com/embed/miQqyfO66uw',NULL),(67,'./posters/67.jpg','Ray',1,3,'La vida de Ray Charles es una alternancia de triunfos y fracasos personales que se suceden a lo largo de una dilatada y galardonada carrera en el mundo del espectáculo. Pero estamos hablando de un hombre que sintetizó sus luchas, su dolor y su oscuridad personal con la misma efectividad con la que supo fundir en su arte una miríada de estilos musicales: el jazz, el rhythm & blues, el rock & roll, el gospel y el country. Su historia tiene entonces un sentido muy distinto: la cadena de logros se transforma en el vibrante y conmovedor trayecto de un genio único con una visión propia que enseñó al mundo a escuchar música de una forma nueva. RAY es la biografía, nunca contada antes, de esa leyenda de la música americana que es Ray Charles. Se centra en el período más explosivo de la carrera de Charles, que comienza cuando este joven negro ciego se sube solo a un autobús en Florida y cruza el país para refinar su arte en la floreciente escena jazzística de Seattle.',NULL,'https://www.youtube.com/embed/jVHCQfcugdw','152 minutos'),(68,'./posters/68.jpg','Black Mirror',2,1,'Black Mirror es una serie de televisión británica creada por Charlie Brooker que muestra el lado oscuro de la vida y la tecnología. La serie es producida por Zeppotron para Endemol. En cuanto al contenido del programa y la estructura, Brooker ha señalado que \'cada episodio tiene un tono diferente, un entorno diferente, incluso una realidad diferente, pero todos son acerca de la forma en que vivimos ahora - y la forma en que podríamos estar viviendo en 10 minutos si somos torpes\'.',5,'https://www.youtube.com/embed/jVHCQfcugdw',NULL),(69,'./posters/69.jpg','Detrás de sus ojos',2,2,'Una madre soltera se adentra en un mundo de retorcidos juegos psicológicos cuando inicia una relación cuasi-no consentida con su jefe, un psiquiatra, y se hace amiga en secreto de su misteriosa esposa. La trama se bassa en un thriller sobre un triángulo amoroso perverso, más la introducción sutilmente de un elemento clave, que dará un giro notable a la obra.',1,'https://www.youtube.com/embed/c4LtoWQaLxk',NULL),(70,'./posters/70.jpg','Her',1,1,'En un futuro cercano, Theodore, un hombre solitario a punto de divorciarse que trabaja en una empresa como escritor de cartas para terceras personas, compra un día un nuevo sistema operativo basado en el modelo de Inteligencia Artificial, diseñado para satisfacer todas las necesidades del usuario. Para su sorpresa, se crea una relación romántica entre él y Samantha, la voz femenina de ese sistema operativo.',NULL,'https://www.youtube.com/embed/UVMcpZ42BkA','126 minutos'),(71,'./posters/71.jpg','Misión Imposible',1,9,'Ethan Hunt es un superespía capaz de resolver cualquier arriesgada situación con la máxima elegancia. Forma parte de un competente equipo dirigido por el agente Jim Phelps, que ha vuelto a reunir a sus hombres para participar en una dificilísima misión: evitar la venta de un disco robado que contiene información secreta de vital importancia.',NULL,'https://www.youtube.com/embed/Ohws8y572KE','110 minutos'),(72,'./posters/72.jpg','El agente de C.I.P.O.L.',1,9,'Guerra fría, años 60. Narra las aventuras de dos agentes secretos que se parecen más de lo que creen: Napoleon Solo, de la CIA, e Illya Kuryakin, del KGB. Ambos se ven obligados a olvidar sus diferencias y formar un equipo cuya misión será poner fin a una misteriosa organización criminal internacional que pretende desestabilizar el frágil equilibrio de poder provocado por la proliferación de las armas nucleares. La hija de un científico alemán desaparecido es la clave para infiltrarse en la organización, encontrar al científico y evitar una catástrofe mundial.',NULL,'https://www.youtube.com/embed/AeUzNxHHryQ','116 minutos'),(73,'./posters/73.jpg','Jumanji - Bienvenidos a la jungla',1,10,'Cuatro adolescentes son absorbidos por un videojuego, en el que se convierten en avatares de personajes arquetípicos. Allí vivirán múltiples aventuras, al tiempo que buscan cómo salir de allí para volver a su mundo.',NULL,'https://www.youtube.com/embed/2QKg5SZ_35I','119 minutos'),(74,'./posters/74.jpg','Mujer Maravilla 1984',1,10,'En 1984, en plena guerra fría, Diana Prince, conocida como La Mujer Maravilla, se enfrenta al empresario Maxwell Lord y a su antigua amiga Barbara Minerva / Cheetah, una villana que posee fuerza y agilidad sobrehumanas.',NULL,'https://www.youtube.com/embed/sfM7_JLk-84','151 minutos'),(75,'./posters/75.jpg','El Contador',1,8,'Christian Wolff es un contable y genio matemático, un hombre obsesivo con el orden y con mucha más afinidad con los números que con las personas, que lleva una doble vida como asesino despiadado.',NULL,'https://www.youtube.com/embed/DBfsgcswlYQ','128 minutos'),(76,'./posters/76.jpg','Mala Educación',1,3,'Frank Tassone, uno de los superintendentes más destacados del distrito escolar de Roslyn en Nueva York se desvive a diario para que la educación de sus alumnos sea la mejor. Pero de forma paralela, este se lucra con dinero público para llevar una vida llena de lujos. Así, Tassone y su personal, amigos y familiares, se convierten en los principales sospechosos del mayor escándalo de malversación de fondos ocurrido en una escuela pública de toda la historia de los Estados Unidos. (Algunas personas aprenden de manera difícil.)',NULL,'https://www.youtube.com/embed/DBfsgcswlYQ','108 minutos'),(77,'./posters/78.jpg','Noche en el Museo',1,8,'Un padre divorciado trata de establecerse, impresionar a su hijo y encontrar su destino. Él se presenta para un trabajo como vigilante nocturno en el Museo Americano de Historia Natural de la ciudad de Nueva York y, posteriormente, descubre que los objetos expuestos, animados por un artefacto mágico de Egipto, vuelven a la vida durante la noche. Al principio le va muy mal tratando de mantener el orden y la calma en el museo, pero al final se vuelve muy buen amigo de todos y juntos ayudan a recuperar aquel artefacto mágico egipcio, ya que ha sido robado por los antiguos vigilantes del museo.',NULL,'https://www.youtube.com/embed/B2G-8raHvOU','108 minutos'),(78,'./posters/79.jpg','Bohemian Rhapsody',1,3,'Bohemian Rhapsody es una rotunda y sonora celebración de Queen, de su música y de su extraordinario cantante Freddie Mercury, que desafió estereotipos e hizo añicos tradiciones para convertirse en uno de los showmans más queridos del mundo. La película plasma el meteórico ascenso al olimpo de la música de la banda a través de sus icónicas canciones y su revolucionario sonido, su crisis cuando el estilo de vida de Mercury estuvo fuera de control, y su triunfal reunión en la víspera del Live Aid, en la que Mercury, mientras sufría una enfermedad que amenazaba su vida, lidera a la banda en uno de los conciertos de rock más grandes de la historia. Veremos cómo se cimentó el legado de una banda que siempre se pareció más a una familia, y que continúa inspirando a propios y extraños, soñadores y amantes de la música hasta nuestros días.',NULL,'https://www.youtube.com/embed/mP0VHJYFOAU','134 minutos'),(79,'./posters/80.jpg','Rock of ages',1,5,'Los Ángeles, 1987: Un aspirante a roquero y una chica que trabajan en el mismo club (Bourbone Room) se enamoran y tratan de impedir que el local caiga en manos de unos empresarios que quieren demolerlo. Esta película es la adaptación cinematográfica del musical homónimo de Broadway.',NULL,'https://www.youtube.com/embed/mP0VHJYFOAU','123 minutos'),(80,'./posters/81.jpg','Super 8',1,1,'Año 1979, en un pequeño pueblo de Ohio. Joe Lamb (Joel Courtney) es un muchacho que ha perdido a su madre en un accidente y que vive con su padre policía (Kyle Chandler). Comenzado el verano, y mientras rueda una película de zombis en Super 8 con sus amigos -y sobre todo con la bella Alice Dainard (Elle Fanning)-, Joe observa cómo una camioneta se estrella contra un tren de mercancías, provocando su descarrilamiento y un terrible accidente. A partir de ese momento cosas extrañas e inexplicables comienzan a suceder en el pueblo.',NULL,'https://www.youtube.com/embed/QtZ6BQRDk4g','82 minutos'),(81,'./posters/82.jpg','Jurassic World - El reino caido',1,8,'Tras cuatro años de abandono del complejo turístico Jurassic World, la isla Nublar solo está habitada por los dinosaurios supervivientes, pero el volcán inactivo de la isla comienza a cobrar vida, Owen y Claire montan una campaña para rescatar a los dinosaurios restantes en la isla.',NULL,'https://www.youtube.com/embed/vn9mMeWcgoM','82 minutos'),(82,'./posters/83.jpg','Indiana Jones - y el Reino de la Calavera de Cristal',1,8,'Guerra Fría (1957). Indiana Jones (Harrison Ford) y su amigo Mac (Ray Winstone) acaban de escapar de las garras de unos agentes soviéticos en un remoto aeropuerto. El decano de la Universidad (Jim Broadbent) le confiesa a su amigo el profesor Jones que las últimas misiones de Indy han fracasado y que está a punto de ser despedido. Mientras tanto, Indiana conoce a Mutt (Shia LaBeouf), un joven rebelde que le propone un trato: si le ayuda a resolver un problema personal, él, a cambio, le facilitaría uno de los descubrimientos más espectaculares de la historia: la Calavera de Cristal de Akator, que se encuentra en un lugar remoto del Perú. Pero los agentes soviéticos, dirigidos por la fría y bella Irina Spalko (Cate Blanchett), tienen el mismo objetivo.',NULL,'https://www.youtube.com/embed/WAdJf4wTC5Y','127 minutos'),(83,'./posters/84.jpg','Los Goonies',1,6,'Mikey, un muchacho de trece años, que junto con su hermano mayor y sus amigos se hacen llamar \'Los Goonies\', decide subir a jugar al desván de su casa, donde su padre guarda antigüedades. Allí, el grupo encuentra el mapa de un tesoro y emprende un fabuloso viaje para validar la veracidad de dicho mapa, y encontrar ese tesoro tan preciado por estos amigos inseparables.',NULL,'https://www.youtube.com/embed/hJ2j4oWdQtU','114 minutos'),(84,'./posters/85.jpg','Cars',1,6,'El aspirante a campeón de carreras Rayo McQueen está sobre la vía rápida al éxito, la fama y todo lo que él había soñado, hasta que por error toma un desvío inesperado en la polvorienta y solitaria Ruta 66. Su actitud arrogante se desvanece cuando llega a una pequeña comunidad olvidada que le enseña las cosas importantes de la vida que había olvidado.',NULL,'https://www.youtube.com/embed/SbXIj2T-_uk','114 minutos'),(85,'./posters/86.jpg','Los pingüinos de Madagascar',1,6,'Los pingüinos llevan sus misiones en su hábitat en el Parque Central. Aparecen Julien, el rey de los lémures, y sus súbditos Maurice y Mort, sus nuevos vecinos, que constituyen la exhibición de lémures en el zoológico. Ahora los pingüinos deben mantener las cosas bajo control, a menudo a pesar de las payasadas de los lémures así como auxiliar en labores poco comunes o aventuras fuera de lo común. Skipper rara vez llama al Rey Julien por su nombre, dirigiéndose a él siempre como \'Cola anillada\' (por ser un lemur de cola anillada).',NULL,'https://www.youtube.com/embed/SbXIj2T-_uk','101 minutos'),(86,'./posters/87.jpg','Cementerio de animales',1,7,'Louis Creed, su esposa y sus dos niños se instalan en una vivienda próxima a una carretera con mucho tráfico. Cerca de la casa hay un sendero que lleva a un cementerio de animales y también a un antiguo cementerio indio',NULL,'',NULL),(87,'./posters/88.jpg','Poltergeist',1,7,'Una familia americana de clase media se traslada a vivir e una nueva casa en un aparentemente idílico barrio, pero dentro de la casa comienzan a suceder cosas extrañas, fenómenos paranormales para los que no hay explicación posible.',NULL,'https://www.youtube.com/embed/9eZgEKjYJqA','114 minutos'),(88,'./posters/89.jpg','El código Da Vinci',1,8,'El catedrático y afamado simbologista Robert Langdon se ve obligado a acudir una noche al Museo del Louvre, cuando el asesinato de un restaurador deja tras de sí un misterioso rastro de símbolos y pistas. Con la ayuda de la criptógrafa de la policía Sophie Neveu y poniendo en juego su propia vida, Langdon descubre que la obra de Leonardo Da Vinci esconde una serie de misterios que apuntan a una sociedad secreta encargada de custodiar un antiguo secreto que ha permanecido oculto durante dos mil años.',NULL,'https://www.youtube.com/embed/lfqHb6INj3w','249 minutos'),(89,'./posters/90.jpg','Johnny English',1,5,'Las joyas de la Corona de su Majestad han desaparecido. Detrás de ello se esconde Pascal Sauvage (John Malkovich), que también conspira para hacerse con el trono de la reina. La misión es asignada a Johnny English (Rowan Atkinson), un agente tan entregado al trabajo como inexperto. Desde ese momento la información confidencial, los coches de lujo y la tecnología más sofisticada forman parte de su rutina diaria. Johnny English aún no se lo acaba de creer. Quizás todo esto le venga algo grande, pero su empeño con la misión y dedicación para llegar hasta el final es incuestionable, especialmente después de conocer a la agente doble Lorna Campbell (Natalie Imbruglia). Parece ser que lo de estar enamorado aún hará más emocionante esto de salvar al país.',NULL,'https://www.youtube.com/embed/EG0MR5dFz7E','188 minutos'),(90,'./posters/91.jpg','Almost Famous',1,2,'Homenaje al rock de los 70. Gracias a sus buenas críticas musicales, un adolescente que aspira a ser periodista es contratado por la revista \'Rolling Stone\' para cubrir la gira de una famosa banda. A pesar de su juventud y de la oposición de su madre, el chico vivirá con los músicos y sus fans una aventura inolvidable. Basada en la propia experiencia de Crowe.',NULL,'https://www.youtube.com/embed/aQXh_AaJXaM','122 minutos'),(91,'./posters/92.jpg','Escuela de Rock',1,5,'Dewey Finn -Jack Black- es un guitarrista con delirios de grandeza que es expulsado de su banda. Desesperado por encontrar un trabajo ante su falta de dinero, suplanta la identidad de un profesor sustituto para dar clase en una escuela privada a los pequeños alumnos pre-adolescentes de 5o grado a los que intentará enseñarles el \'rock & roll de alto voltaje\'. Además entre sus alumnos está Yuki, un guitarrista prodigio de 9 años que puede ayudar a Dewey a ganar la competición de bandas de música... y de paso solucionar sus problemas económicos.',NULL,'https://www.youtube.com/embed/TExoc0MG4I4','110 minutos'),(92,'./posters/93.jpg','Mi pobre angelito',1,6,'Kevin McAllister es un niño de ocho años, miembro de una familia numerosa, que accidentalmente se queda abandonado en su casa cuando toda la familia se marcha a pasar las vacaciones a Francia. Kevin aprende a valerse por sí mismo e incluso a protegerse de Harry y Marv, dos bribones que se proponen asaltar todas las casas cerradas de su vecindario. Cuando su madre Kate lo hecha en falta, realiza un pintoresco viaje de vuelta contra reloj a Chicago para recuperar a su hijo.',NULL,'https://www.youtube.com/embed/jEDaVHmw7r4','102 minutos'),(93,'./posters/94.jpg','Aprendices fuera de línea',1,5,'Cuando dos cuarentones vendedores de relojes son despedidos de sus respectivos trabajos, convencidos ambos de que no se han adaptado a los cambios de las nuevas tecnologías, deciden empezar de nuevo y buscar trabajo en la empresa más exitosa de Internet: Google. Finalmente consiguen un contrato de prácticas como becarios. La locura comienza cuando se ven compitiendo para conseguir el puesto con jóvenes veinteañeros, mucho más listos y más familiarizados con el mundo digital que ellos.',NULL,'https://www.youtube.com/embed/tn02SPT6ivM','125 minutos'),(94,'./posters/95.jpg','Outsourced',2,5,'Ambientada en el continente estadounidense, una empresa norteamericana que busca reducir los gastos, asciende a su mejor empleado del Call Center, poniéndolo a cargo del mismo. La única condición para dicho empleado, es viajar a la India, lugar en el mundo donde tercerizan el servicio ode atención al cliente, para abaratar costos. Allí, en la Ciudad de Bombay, los nativos le explican la cultura indú a los nóveles norteamericanos, y viceversa. Tendrán que convivir cada uno de los empleados de estos diferentes países, con sus pares y/o jefes opuestos en cultura.',1,'https://www.youtube.com/embed/_wR3LhFlgGo',NULL),(95,'./posters/96.jpg','Miedo Profundo',1,4,'Nancy, una estudiante de medicina apasionada del surfing, es una joven que trata de superar la pérdida de su madre. Un día, practicando surf en una solitaria playa mexicana se queda atrapada en un islote a sólo cien metros de la costa. El problema está en que un enorme tiburón blanco se interpone entre ella y la otra orilla.',NULL,'https://www.youtube.com/embed/EgdxIlSuB70','86 minutos'),(96,'./posters/97.jpg','Everest',1,3,'Inspirada en los hechos que tuvieron lugar durante un intento por alcanzar el pico más alto del mundo, narra las peripecias de dos expediciones que se enfrentan a la peor tormenta de nieve conocida. En un desesperado esfuerzo por sobrevivir, el temple de los alpinistas se ve puesto a prueba al tener que enfrentarse a la furia desatada de los elementos y a obstáculos casi insuperables.',NULL,'https://www.youtube.com/embed/5ZQVpPiOji0','121 minutos'),(97,'./posters/98.jpg','La Familia Addams',1,6,'El delirante y gótico estilo de vida de la peculiar familia Addams se ve amenazado peligrosamente cuando el codicioso dúo que forman madre e hijo, con la ayuda de un abogado sin ningún escrúpulos, conspiran para hacerse con la fortuna familiar... (No se pierdan las locutras de Gomez, Morticia, Tío Lucas, Merlina, El tío Cosas, Dedos y Largo)',NULL,'https://www.youtube.com/embed/G388UMkJIBE','101 minutos');
/*!40000 ALTER TABLE `contenidos` ENABLE KEYS */;
UNLOCK TABLES;

--
-- Table structure for table `generos`
--

DROP TABLE IF EXISTS `generos`;
/*!40101 SET @saved_cs_client     = @@character_set_client */;
/*!50503 SET character_set_client = utf8mb4 */;
CREATE TABLE `generos` (
  `generoID` int NOT NULL AUTO_INCREMENT,
  `genero` varchar(50) NOT NULL,
  PRIMARY KEY (`generoID`)
) ENGINE=InnoDB AUTO_INCREMENT=11 DEFAULT CHARSET=utf8mb4 COLLATE=utf8mb4_0900_ai_ci;
/*!40101 SET character_set_client = @saved_cs_client */;

--
-- Dumping data for table `generos`
--

LOCK TABLES `generos` WRITE;
/*!40000 ALTER TABLE `generos` DISABLE KEYS */;
INSERT INTO `generos` VALUES (1,'Acción'),(2,'Aventura'),(3,'Ciencia Ficción'),(4,'Comedia'),(5,'Drama'),(6,'Familia'),(7,'Fantasía'),(8,'Suceso Real'),(9,'Suspenso'),(10,'Terror');
/*!40000 ALTER TABLE `generos` ENABLE KEYS */;
UNLOCK TABLES;

--
-- Table structure for table `tags`
--

DROP TABLE IF EXISTS `tags`;
/*!40101 SET @saved_cs_client     = @@character_set_client */;
/*!50503 SET character_set_client = utf8mb4 */;
CREATE TABLE `tags` (
  `tagID` int NOT NULL AUTO_INCREMENT,
  `tag` varchar(50) NOT NULL,
  PRIMARY KEY (`tagID`)
) ENGINE=InnoDB AUTO_INCREMENT=25 DEFAULT CHARSET=utf8mb4 COLLATE=utf8mb4_0900_ai_ci;
/*!40101 SET character_set_client = @saved_cs_client */;

--
-- Dumping data for table `tags`
--

LOCK TABLES `tags` WRITE;
/*!40000 ALTER TABLE `tags` DISABLE KEYS */;
INSERT INTO `tags` VALUES (1,'acción'),(2,'animación'),(3,'aventura'),(4,'ciencia ficción'),(5,'comedia'),(6,'crimen'),(7,'drama'),(8,'familia'),(9,'fantasía'),(10,'ficción'),(11,'futurista'),(12,'historia'),(13,'intriga'),(14,'misterio'),(15,'musical'),(16,'música'),(17,'romance'),(18,'sci-fi'),(19,'suceso real'),(20,'sucesos'),(21,'suspenso'),(22,'tecnología'),(23,'terror'),(24,'western');
/*!40000 ALTER TABLE `tags` ENABLE KEYS */;
UNLOCK TABLES;
/*!40103 SET TIME_ZONE=@OLD_TIME_ZONE */;

/*!40101 SET SQL_MODE=@OLD_SQL_MODE */;
/*!40014 SET FOREIGN_KEY_CHECKS=@OLD_FOREIGN_KEY_CHECKS */;
/*!40014 SET UNIQUE_CHECKS=@OLD_UNIQUE_CHECKS */;
/*!40101 SET CHARACTER_SET_CLIENT=@OLD_CHARACTER_SET_CLIENT */;
/*!40101 SET CHARACTER_SET_RESULTS=@OLD_CHARACTER_SET_RESULTS */;
/*!40101 SET COLLATION_CONNECTION=@OLD_COLLATION_CONNECTION */;
/*!40111 SET SQL_NOTES=@OLD_SQL_NOTES */;

-- Dump completed on 2025-07-22  9:01:32
